algorithm,chunk_size,digits,threads,run,time_ns,multiplications,additions,carry_operations,subtractions,recursive_calls,base_case_multiplications,normalizations,reduction_operations,local_accumulations,num_chunks_a,num_chunks_b,chunk_multiplications,max_recursion_depth,thread_count,work_per_thread
schoolbook,0,10,1,1,1911.000000,100,100,16,0,0,0,0,0,0,0,0,0,0,0,0
karatsuba,0,10,1,1,1089.000000,100,100,16,0,1,1,0,0,0,0,0,0,0,0,0
chunked,3,10,1,1,3681.000000,0,16,5,0,0,0,8,0,0,4,4,16,0,0,0
chunked,4,10,1,1,2613.000000,0,9,4,0,0,0,6,0,0,3,3,9,0,0,0
chunked,5,10,1,1,2420.000000,0,4,3,0,0,0,4,0,0,2,2,4,0,0,0
chunked,6,10,1,1,892.000000,0,4,3,0,0,0,4,0,0,2,2,4,0,0,0
chunked,7,10,1,1,753.000000,0,4,2,0,0,0,4,0,0,2,2,4,0,0,0
chunked,8,10,1,1,742.000000,0,4,2,0,0,0,4,0,0,2,2,4,0,0,0
chunked,9,10,1,1,833.000000,0,4,1,0,0,0,4,0,0,2,2,4,0,0,0
chunked,10,10,1,1,788.000000,0,1,1,0,0,0,2,0,0,1,1,1,0,0,0
parallel_chunked,3,10,1,1,1411.000000,16,16,5,0,0,0,0,0,16,4,4,16,0,1,16
parallel_chunked,3,10,2,1,180170.000000,16,16,5,0,0,0,0,16,16,4,4,16,0,2,8
parallel_chunked,3,10,4,1,114347.000000,16,16,5,0,0,0,0,32,16,4,4,16,0,4,4
parallel_chunked,3,10,8,1,89003.000000,16,16,5,0,0,0,0,32,16,4,4,16,0,4,4
parallel_chunked,4,10,1,1,2518.000000,9,9,4,0,0,0,0,0,9,3,3,9,0,1,9
parallel_chunked,4,10,2,1,41523.000000,9,9,4,0,0,0,0,12,9,3,3,9,0,2,4
parallel_chunked,4,10,4,1,94871.000000,9,9,4,0,0,0,0,18,9,3,3,9,0,3,3
parallel_chunked,4,10,8,1,61158.000000,9,9,4,0,0,0,0,18,9,3,3,9,0,3,3
parallel_chunked,5,10,1,1,1951.000000,4,4,3,0,0,0,0,0,4,2,2,4,0,1,4
parallel_chunked,5,10,2,1,42954.000000,4,4,3,0,0,0,0,8,4,2,2,4,0,2,2
parallel_chunked,5,10,4,1,42918.000000,4,4,3,0,0,0,0,8,4,2,2,4,0,2,2
parallel_chunked,5,10,8,1,41527.000000,4,4,3,0,0,0,0,8,4,2,2,4,0,2,2
parallel_chunked,6,10,1,1,2123.000000,4,4,3,0,0,0,0,0,4,2,2,4,0,1,4
parallel_chunked,6,10,2,1,42078.000000,4,4,3,0,0,0,0,8,4,2,2,4,0,2,2
parallel_chunked,6,10,4,1,40321.000000,4,4,3,0,0,0,0,8,4,2,2,4,0,2,2
parallel_chunked,6,10,8,1,40634.000000,4,4,3,0,0,0,0,8,4,2,2,4,0,2,2
parallel_chunked,7,10,1,1,2169.000000,4,4,2,0,0,0,0,0,4,2,2,4,0,1,4
parallel_chunked,7,10,2,1,41235.000000,4,4,2,0,0,0,0,8,4,2,2,4,0,2,2
parallel_chunked,7,10,4,1,41504.000000,4,4,2,0,0,0,0,8,4,2,2,4,0,2,2
parallel_chunked,7,10,8,1,41019.000000,4,4,2,0,0,0,0,8,4,2,2,4,0,2,2
parallel_chunked,8,10,1,1,2216.000000,4,4,2,0,0,0,0,0,4,2,2,4,0,1,4
parallel_chunked,8,10,2,1,41134.000000,4,4,2,0,0,0,0,8,4,2,2,4,0,2,2
parallel_chunked,8,10,4,1,43728.000000,4,4,2,0,0,0,0,8,4,2,2,4,0,2,2
parallel_chunked,8,10,8,1,40516.000000,4,4,2,0,0,0,0,8,4,2,2,4,0,2,2
parallel_chunked,9,10,1,1,2297.000000,4,4,1,0,0,0,0,0,4,2,2,4,0,1,4
parallel_chunked,9,10,2,1,41280.000000,4,4,1,0,0,0,0,8,4,2,2,4,0,2,2
parallel_chunked,9,10,4,1,40772.000000,4,4,1,0,0,0,0,8,4,2,2,4,0,2,2
parallel_chunked,9,10,8,1,41845.000000,4,4,1,0,0,0,0,8,4,2,2,4,0,2,2
parallel_chunked,10,10,1,1,1775.000000,1,1,1,0,0,0,0,0,1,1,1,1,0,1,1
parallel_chunked,10,10,2,1,1537.000000,1,1,1,0,0,0,0,0,1,1,1,1,0,1,1
parallel_chunked,10,10,4,1,1649.000000,1,1,1,0,0,0,0,0,1,1,1,1,0,1,1
parallel_chunked,10,10,8,1,1375.000000,1,1,1,0,0,0,0,0,1,1,1,1,0,1,1
boost_cpp_int,0,10,1,1,267.000000,0,0,0,0,0,0,0,0,0,0,0,0,0,0,0
schoolbook,0,10,1,2,901.000000,100,100,18,0,0,0,0,0,0,0,0,0,0,0,0
karatsuba,0,10,1,2,912.000000,100,100,18,0,1,1,0,0,0,0,0,0,0,0,0
chunked,3,10,1,2,2207.000000,0,16,6,0,0,0,8,0,0,4,4,16,0,0,0
chunked,4,10,1,2,1902.000000,0,9,4,0,0,0,6,0,0,3,3,9,0,0,0
chunked,5,10,1,2,1554.000000,0,4,3,0,0,0,4,0,0,2,2,4,0,0,0
chunked,6,10,1,2,1447.000000,0,4,3,0,0,0,4,0,0,2,2,4,0,0,0
chunked,7,10,1,2,1499.000000,0,4,2,0,0,0,4,0,0,2,2,4,0,0,0
chunked,8,10,1,2,1479.000000,0,4,2,0,0,0,4,0,0,2,2,4,0,0,0
chunked,9,10,1,2,1553.000000,0,4,2,0,0,0,4,0,0,2,2,4,0,0,0
chunked,10,10,1,2,1261.000000,0,1,1,0,0,0,2,0,0,1,1,1,0,0,0
parallel_chunked,3,10,1,2,1916.000000,16,16,6,0,0,0,0,0,16,4,4,16,0,1,16
parallel_chunked,3,10,2,2,41478.000000,16,16,6,0,0,0,0,16,16,4,4,16,0,2,8
parallel_chunked,3,10,4,2,74626.000000,16,16,6,0,0,0,0,32,16,4,4,16,0,4,4
parallel_chunked,3,10,8,2,72510.000000,16,16,6,0,0,0,0,32,16,4,4,16,0,4,4
parallel_chunked,4,10,1,2,2101.000000,9,9,4,0,0,0,0,0,9,3,3,9,0,1,9
parallel_chunked,4,10,2,2,40341.000000,9,9,4,0,0,0,0,12,9,3,3,9,0,2,4
parallel_chunked,4,10,4,2,54564.000000,9,9,4,0,0,0,0,18,9,3,3,9,0,3,3
parallel_chunked,4,10,8,2,53659.000000,9,9,4,0,0,0,0,18,9,3,3,9,0,3,3
parallel_chunked,5,10,1,2,1774.000000,4,4,3,0,0,0,0,0,4,2,2,4,0,1,4
parallel_chunked,5,10,2,2,38543.000000,4,4,3,0,0,0,0,8,4,2,2,4,0,2,2
parallel_chunked,5,10,4,2,45412.000000,4,4,3,0,0,0,0,8,4,2,2,4,0,2,2
parallel_chunked,5,10,8,2,38566.000000,4,4,3,0,0,0,0,8,4,2,2,4,0,2,2
parallel_chunked,6,10,1,2,1640.000000,4,4,3,0,0,0,0,0,4,2,2,4,0,1,4
parallel_chunked,6,10,2,2,41259.000000,4,4,3,0,0,0,0,8,4,2,2,4,0,2,2
parallel_chunked,6,10,4,2,41723.000000,4,4,3,0,0,0,0,8,4,2,2,4,0,2,2
parallel_chunked,6,10,8,2,40258.000000,4,4,3,0,0,0,0,8,4,2,2,4,0,2,2
parallel_chunked,7,10,1,2,2040.000000,4,4,2,0,0,0,0,0,4,2,2,4,0,1,4
parallel_chunked,7,10,2,2,40852.000000,4,4,2,0,0,0,0,8,4,2,2,4,0,2,2
parallel_chunked,7,10,4,2,45688.000000,4,4,2,0,0,0,0,8,4,2,2,4,0,2,2
parallel_chunked,7,10,8,2,40266.000000,4,4,2,0,0,0,0,8,4,2,2,4,0,2,2
parallel_chunked,8,10,1,2,2069.000000,4,4,2,0,0,0,0,0,4,2,2,4,0,1,4
parallel_chunked,8,10,2,2,46679.000000,4,4,2,0,0,0,0,8,4,2,2,4,0,2,2
parallel_chunked,8,10,4,2,40876.000000,4,4,2,0,0,0,0,8,4,2,2,4,0,2,2
parallel_chunked,8,10,8,2,45878.000000,4,4,2,0,0,0,0,8,4,2,2,4,0,2,2
parallel_chunked,9,10,1,2,1699.000000,4,4,2,0,0,0,0,0,4,2,2,4,0,1,4
parallel_chunked,9,10,2,2,38755.000000,4,4,2,0,0,0,0,8,4,2,2,4,0,2,2
parallel_chunked,9,10,4,2,45646.000000,4,4,2,0,0,0,0,8,4,2,2,4,0,2,2
parallel_chunked,9,10,8,2,37128.000000,4,4,2,0,0,0,0,8,4,2,2,4,0,2,2
parallel_chunked,10,10,1,2,1728.000000,1,1,1,0,0,0,0,0,1,1,1,1,0,1,1
parallel_chunked,10,10,2,2,1519.000000,1,1,1,0,0,0,0,0,1,1,1,1,0,1,1
parallel_chunked,10,10,4,2,1532.000000,1,1,1,0,0,0,0,0,1,1,1,1,0,1,1
parallel_chunked,10,10,8,2,1723.000000,1,1,1,0,0,0,0,0,1,1,1,1,0,1,1
boost_cpp_int,0,10,1,2,136.000000,0,0,0,0,0,0,0,0,0,0,0,0,0,0,0
schoolbook,0,10,1,3,793.000000,100,100,17,0,0,0,0,0,0,0,0,0,0,0,0
karatsuba,0,10,1,3,690.000000,100,100,17,0,1,1,0,0,0,0,0,0,0,0,0
chunked,3,10,1,3,1990.000000,0,16,6,0,0,0,8,0,0,4,4,16,0,0,0
chunked,4,10,1,3,1733.000000,0,9,4,0,0,0,6,0,0,3,3,9,0,0,0
chunked,5,10,1,3,1446.000000,0,4,3,0,0,0,4,0,0,2,2,4,0,0,0
chunked,6,10,1,3,1421.000000,0,4,3,0,0,0,4,0,0,2,2,4,0,0,0
chunked,7,10,1,3,1395.000000,0,4,2,0,0,0,4,0,0,2,2,4,0,0,0
chunked,8,10,1,3,1398.000000,0,4,2,0,0,0,4,0,0,2,2,4,0,0,0
chunked,9,10,1,3,1534.000000,0,4,2,0,0,0,4,0,0,2,2,4,0,0,0
chunked,10,10,1,3,1217.000000,0,1,1,0,0,0,2,0,0,1,1,1,0,0,0
parallel_chunked,3,10,1,3,1786.000000,16,16,6,0,0,0,0,0,16,4,4,16,0,1,16
parallel_chunked,3,10,2,3,44664.000000,16,16,6,0,0,0,0,16,16,4,4,16,0,2,8
parallel_chunked,3,10,4,3,70592.000000,16,16,6,0,0,0,0,32,16,4,4,16,0,4,4
parallel_chunked,3,10,8,3,68943.000000,16,16,6,0,0,0,0,32,16,4,4,16,0,4,4
parallel_chunked,4,10,1,3,2623.000000,9,9,4,0,0,0,0,0,9,3,3,9,0,1,9
parallel_chunked,4,10,2,3,39389.000000,9,9,4,0,0,0,0,12,9,3,3,9,0,2,4
parallel_chunked,4,10,4,3,55732.000000,9,9,4,0,0,0,0,18,9,3,3,9,0,3,3
parallel_chunked,4,10,8,3,56071.000000,9,9,4,0,0,0,0,18,9,3,3,9,0,3,3
parallel_chunked,5,10,1,3,1601.000000,4,4,3,0,0,0,0,0,4,2,2,4,0,1,4
parallel_chunked,5,10,2,3,38618.000000,4,4,3,0,0,0,0,8,4,2,2,4,0,2,2
parallel_chunked,5,10,4,3,47407.000000,4,4,3,0,0,0,0,8,4,2,2,4,0,2,2
parallel_chunked,5,10,8,3,38487.000000,4,4,3,0,0,0,0,8,4,2,2,4,0,2,2
parallel_chunked,6,10,1,3,2024.000000,4,4,3,0,0,0,0,0,4,2,2,4,0,1,4
parallel_chunked,6,10,2,3,43394.000000,4,4,3,0,0,0,0,8,4,2,2,4,0,2,2
parallel_chunked,6,10,4,3,39849.000000,4,4,3,0,0,0,0,8,4,2,2,4,0,2,2
parallel_chunked,6,10,8,3,42519.000000,4,4,3,0,0,0,0,8,4,2,2,4,0,2,2
parallel_chunked,7,10,1,3,1992.000000,4,4,2,0,0,0,0,0,4,2,2,4,0,1,4
parallel_chunked,7,10,2,3,38984.000000,4,4,2,0,0,0,0,8,4,2,2,4,0,2,2
parallel_chunked,7,10,4,3,42427.000000,4,4,2,0,0,0,0,8,4,2,2,4,0,2,2
parallel_chunked,7,10,8,3,40265.000000,4,4,2,0,0,0,0,8,4,2,2,4,0,2,2
parallel_chunked,8,10,1,3,1963.000000,4,4,2,0,0,0,0,0,4,2,2,4,0,1,4
parallel_chunked,8,10,2,3,46768.000000,4,4,2,0,0,0,0,8,4,2,2,4,0,2,2
parallel_chunked,8,10,4,3,38272.000000,4,4,2,0,0,0,0,8,4,2,2,4,0,2,2
parallel_chunked,8,10,8,3,44514.000000,4,4,2,0,0,0,0,8,4,2,2,4,0,2,2
parallel_chunked,9,10,1,3,2132.000000,4,4,2,0,0,0,0,0,4,2,2,4,0,1,4
parallel_chunked,9,10,2,3,39996.000000,4,4,2,0,0,0,0,8,4,2,2,4,0,2,2
parallel_chunked,9,10,4,3,43542.000000,4,4,2,0,0,0,0,8,4,2,2,4,0,2,2
parallel_chunked,9,10,8,3,40053.000000,4,4,2,0,0,0,0,8,4,2,2,4,0,2,2
parallel_chunked,10,10,1,3,1703.000000,1,1,1,0,0,0,0,0,1,1,1,1,0,1,1
parallel_chunked,10,10,2,3,1499.000000,1,1,1,0,0,0,0,0,1,1,1,1,0,1,1
parallel_chunked,10,10,4,3,1653.000000,1,1,1,0,0,0,0,0,1,1,1,1,0,1,1
parallel_chunked,10,10,8,3,1389.000000,1,1,1,0,0,0,0,0,1,1,1,1,0,1,1
boost_cpp_int,0,10,1,3,121.000000,0,0,0,0,0,0,0,0,0,0,0,0,0,0,0
schoolbook,0,10,1,4,763.000000,100,100,19,0,0,0,0,0,0,0,0,0,0,0,0
karatsuba,0,10,1,4,698.000000,100,100,19,0,1,1,0,0,0,0,0,0,0,0,0
chunked,3,10,1,4,1952.000000,0,16,6,0,0,0,8,0,0,4,4,16,0,0,0
chunked,4,10,1,4,1744.000000,0,9,4,0,0,0,6,0,0,3,3,9,0,0,0
chunked,5,10,1,4,1416.000000,0,4,3,0,0,0,4,0,0,2,2,4,0,0,0
chunked,6,10,1,4,1390.000000,0,4,3,0,0,0,4,0,0,2,2,4,0,0,0
chunked,7,10,1,4,1447.000000,0,4,2,0,0,0,4,0,0,2,2,4,0,0,0
chunked,8,10,1,4,1403.000000,0,4,2,0,0,0,4,0,0,2,2,4,0,0,0
chunked,9,10,1,4,1544.000000,0,4,2,0,0,0,4,0,0,2,2,4,0,0,0
chunked,10,10,1,4,1593.000000,0,1,1,0,0,0,2,0,0,1,1,1,0,0,0
parallel_chunked,3,10,1,4,1827.000000,16,16,6,0,0,0,0,0,16,4,4,16,0,1,16
parallel_chunked,3,10,2,4,45570.000000,16,16,6,0,0,0,0,16,16,4,4,16,0,2,8
parallel_chunked,3,10,4,4,70429.000000,16,16,6,0,0,0,0,32,16,4,4,16,0,4,4
parallel_chunked,3,10,8,4,68690.000000,16,16,6,0,0,0,0,32,16,4,4,16,0,4,4
parallel_chunked,4,10,1,4,2521.000000,9,9,4,0,0,0,0,0,9,3,3,9,0,1,9
parallel_chunked,4,10,2,4,39810.000000,9,9,4,0,0,0,0,12,9,3,3,9,0,2,4
parallel_chunked,4,10,4,4,55466.000000,9,9,4,0,0,0,0,18,9,3,3,9,0,3,3
parallel_chunked,4,10,8,4,56725.000000,9,9,4,0,0,0,0,18,9,3,3,9,0,3,3
parallel_chunked,5,10,1,4,13915.000000,4,4,3,0,0,0,0,0,4,2,2,4,0,1,4
parallel_chunked,5,10,2,4,41946.000000,4,4,3,0,0,0,0,8,4,2,2,4,0,2,2
parallel_chunked,5,10,4,4,46213.000000,4,4,3,0,0,0,0,8,4,2,2,4,0,2,2
parallel_chunked,5,10,8,4,40035.000000,4,4,3,0,0,0,0,8,4,2,2,4,0,2,2
parallel_chunked,6,10,1,4,2037.000000,4,4,3,0,0,0,0,0,4,2,2,4,0,1,4
parallel_chunked,6,10,2,4,45283.000000,4,4,3,0,0,0,0,8,4,2,2,4,0,2,2
parallel_chunked,6,10,4,4,37075.000000,4,4,3,0,0,0,0,8,4,2,2,4,0,2,2
parallel_chunked,6,10,8,4,45124.000000,4,4,3,0,0,0,0,8,4,2,2,4,0,2,2
parallel_chunked,7,10,1,4,1542.000000,4,4,2,0,0,0,0,0,4,2,2,4,0,1,4
parallel_chunked,7,10,2,4,37853.000000,4,4,2,0,0,0,0,8,4,2,2,4,0,2,2
parallel_chunked,7,10,4,4,46190.000000,4,4,2,0,0,0,0,8,4,2,2,4,0,2,2
parallel_chunked,7,10,8,4,41819.000000,4,4,2,0,0,0,0,8,4,2,2,4,0,2,2
parallel_chunked,8,10,1,4,1968.000000,4,4,2,0,0,0,0,0,4,2,2,4,0,1,4
parallel_chunked,8,10,2,4,43633.000000,4,4,2,0,0,0,0,8,4,2,2,4,0,2,2
parallel_chunked,8,10,4,4,41647.000000,4,4,2,0,0,0,0,8,4,2,2,4,0,2,2
parallel_chunked,8,10,8,4,44516.000000,4,4,2,0,0,0,0,8,4,2,2,4,0,2,2
parallel_chunked,9,10,1,4,1697.000000,4,4,2,0,0,0,0,0,4,2,2,4,0,1,4
parallel_chunked,9,10,2,4,37868.000000,4,4,2,0,0,0,0,8,4,2,2,4,0,2,2
parallel_chunked,9,10,4,4,42354.000000,4,4,2,0,0,0,0,8,4,2,2,4,0,2,2
parallel_chunked,9,10,8,4,41675.000000,4,4,2,0,0,0,0,8,4,2,2,4,0,2,2
parallel_chunked,10,10,1,4,1718.000000,1,1,1,0,0,0,0,0,1,1,1,1,0,1,1
parallel_chunked,10,10,2,4,1467.000000,1,1,1,0,0,0,0,0,1,1,1,1,0,1,1
parallel_chunked,10,10,4,4,1503.000000,1,1,1,0,0,0,0,0,1,1,1,1,0,1,1
parallel_chunked,10,10,8,4,1598.000000,1,1,1,0,0,0,0,0,1,1,1,1,0,1,1
boost_cpp_int,0,10,1,4,135.000000,0,0,0,0,0,0,0,0,0,0,0,0,0,0,0
schoolbook,0,10,1,5,815.000000,100,100,17,0,0,0,0,0,0,0,0,0,0,0,0
karatsuba,0,10,1,5,705.000000,100,100,17,0,1,1,0,0,0,0,0,0,0,0,0
chunked,3,10,1,5,1986.000000,0,16,6,0,0,0,8,0,0,4,4,16,0,0,0
chunked,4,10,1,5,1755.000000,0,9,4,0,0,0,6,0,0,3,3,9,0,0,0
chunked,5,10,1,5,1392.000000,0,4,3,0,0,0,4,0,0,2,2,4,0,0,0
chunked,6,10,1,5,1394.000000,0,4,3,0,0,0,4,0,0,2,2,4,0,0,0
chunked,7,10,1,5,1432.000000,0,4,2,0,0,0,4,0,0,2,2,4,0,0,0
chunked,8,10,1,5,1431.000000,0,4,2,0,0,0,4,0,0,2,2,4,0,0,0
chunked,9,10,1,5,1550.000000,0,4,2,0,0,0,4,0,0,2,2,4,0,0,0
chunked,10,10,1,5,1234.000000,0,1,1,0,0,0,2,0,0,1,1,1,0,0,0
parallel_chunked,3,10,1,5,1790.000000,16,16,6,0,0,0,0,0,16,4,4,16,0,1,16
parallel_chunked,3,10,2,5,45058.000000,16,16,6,0,0,0,0,16,16,4,4,16,0,2,8
parallel_chunked,3,10,4,5,70466.000000,16,16,6,0,0,0,0,32,16,4,4,16,0,4,4
parallel_chunked,3,10,8,5,71237.000000,16,16,6,0,0,0,0,32,16,4,4,16,0,4,4
parallel_chunked,4,10,1,5,2466.000000,9,9,4,0,0,0,0,0,9,3,3,9,0,1,9
parallel_chunked,4,10,2,5,40065.000000,9,9,4,0,0,0,0,12,9,3,3,9,0,2,4
parallel_chunked,4,10,4,5,56355.000000,9,9,4,0,0,0,0,18,9,3,3,9,0,3,3
parallel_chunked,4,10,8,5,56784.000000,9,9,4,0,0,0,0,18,9,3,3,9,0,3,3
parallel_chunked,5,10,1,5,1657.000000,4,4,3,0,0,0,0,0,4,2,2,4,0,1,4
parallel_chunked,5,10,2,5,43279.000000,4,4,3,0,0,0,0,8,4,2,2,4,0,2,2
parallel_chunked,5,10,4,5,40609.000000,4,4,3,0,0,0,0,8,4,2,2,4,0,2,2
parallel_chunked,5,10,8,5,40146.000000,4,4,3,0,0,0,0,8,4,2,2,4,0,2,2
parallel_chunked,6,10,1,5,1972.000000,4,4,3,0,0,0,0,0,4,2,2,4,0,1,4
parallel_chunked,6,10,2,5,42883.000000,4,4,3,0,0,0,0,8,4,2,2,4,0,2,2
parallel_chunked,6,10,4,5,40510.000000,4,4,3,0,0,0,0,8,4,2,2,4,0,2,2
parallel_chunked,6,10,8,5,42805.000000,4,4,3,0,0,0,0,8,4,2,2,4,0,2,2
parallel_chunked,7,10,1,5,2020.000000,4,4,2,0,0,0,0,0,4,2,2,4,0,1,4
parallel_chunked,7,10,2,5,39656.000000,4,4,2,0,0,0,0,8,4,2,2,4,0,2,2
parallel_chunked,7,10,4,5,44049.000000,4,4,2,0,0,0,0,8,4,2,2,4,0,2,2
parallel_chunked,7,10,8,5,40093.000000,4,4,2,0,0,0,0,8,4,2,2,4,0,2,2
parallel_chunked,8,10,1,5,2036.000000,4,4,2,0,0,0,0,0,4,2,2,4,0,1,4
parallel_chunked,8,10,2,5,44371.000000,4,4,2,0,0,0,0,8,4,2,2,4,0,2,2
parallel_chunked,8,10,4,5,38407.000000,4,4,2,0,0,0,0,8,4,2,2,4,0,2,2
parallel_chunked,8,10,8,5,42380.000000,4,4,2,0,0,0,0,8,4,2,2,4,0,2,2
parallel_chunked,9,10,1,5,2180.000000,4,4,2,0,0,0,0,0,4,2,2,4,0,1,4
parallel_chunked,9,10,2,5,39269.000000,4,4,2,0,0,0,0,8,4,2,2,4,0,2,2
parallel_chunked,9,10,4,5,43035.000000,4,4,2,0,0,0,0,8,4,2,2,4,0,2,2
parallel_chunked,9,10,8,5,40503.000000,4,4,2,0,0,0,0,8,4,2,2,4,0,2,2
parallel_chunked,10,10,1,5,1633.000000,1,1,1,0,0,0,0,0,1,1,1,1,0,1,1
parallel_chunked,10,10,2,5,1491.000000,1,1,1,0,0,0,0,0,1,1,1,1,0,1,1
parallel_chunked,10,10,4,5,1614.000000,1,1,1,0,0,0,0,0,1,1,1,1,0,1,1
parallel_chunked,10,10,8,5,1353.000000,1,1,1,0,0,0,0,0,1,1,1,1,0,1,1
boost_cpp_int,0,10,1,5,121.000000,0,0,0,0,0,0,0,0,0,0,0,0,0,0,0
schoolbook,0,50,1,1,5285.000000,2500,2500,99,0,0,0,0,0,0,0,0,0,0,0,0
karatsuba,0,50,1,1,4918.000000,2500,2500,99,0,1,1,0,0,0,0,0,0,0,0,0
chunked,3,50,1,1,5676.000000,0,289,33,0,0,0,34,0,0,17,17,289,0,0,0
chunked,4,50,1,1,3297.000000,0,169,24,0,0,0,26,0,0,13,13,169,0,0,0
chunked,5,50,1,1,2676.000000,0,100,19,0,0,0,20,0,0,10,10,100,0,0,0
chunked,6,50,1,1,3461.000000,0,81,16,0,0,0,18,0,0,9,9,81,0,0,0
chunked,7,50,1,1,3793.000000,0,64,14,0,0,0,16,0,0,8,8,64,0,0,0
chunked,8,50,1,1,3242.000000,0,49,12,0,0,0,14,0,0,7,7,49,0,0,0
chunked,9,50,1,1,2626.000000,0,36,11,0,0,0,12,0,0,6,6,36,0,0,0
chunked,10,50,1,1,2041.000000,0,25,9,0,0,0,10,0,0,5,5,25,0,0,0
parallel_chunked,3,50,1,1,4659.000000,289,289,33,0,0,0,0,0,289,17,17,289,0,1,289
parallel_chunked,3,50,2,1,55405.000000,289,289,33,0,0,0,0,68,289,17,17,289,0,2,144
parallel_chunked,3,50,4,1,75532.000000,289,289,33,0,0,0,0,136,289,17,17,289,0,4,72
parallel_chunked,3,50,8,1,215767.000000,289,289,33,0,0,0,0,272,289,17,17,289,0,8,36
parallel_chunked,4,50,1,1,4221.000000,169,169,24,0,0,0,0,0,169,13,13,169,0,1,169
parallel_chunked,4,50,2,1,51692.000000,169,169,24,0,0,0,0,52,169,13,13,169,0,2,84
parallel_chunked,4,50,4,1,74005.000000,169,169,24,0,0,0,0,104,169,13,13,169,0,4,42
parallel_chunked,4,50,8,1,177874.000000,169,169,24,0,0,0,0,208,169,13,13,169,0,8,21
parallel_chunked,5,50,1,1,4585.000000,100,100,19,0,0,0,0,0,100,10,10,100,0,1,100
parallel_chunked,5,50,2,1,47786.000000,100,100,19,0,0,0,0,40,100,10,10,100,0,2,50
parallel_chunked,5,50,4,1,73384.000000,100,100,19,0,0,0,0,80,100,10,10,100,0,4,25
parallel_chunked,5,50,8,1,191878.000000,100,100,19,0,0,0,0,160,100,10,10,100,0,8,12
parallel_chunked,6,50,1,1,4303.000000,81,81,16,0,0,0,0,0,81,9,9,81,0,1,81
parallel_chunked,6,50,2,1,44889.000000,81,81,16,0,0,0,0,36,81,9,9,81,0,2,40
parallel_chunked,6,50,4,1,69424.000000,81,81,16,0,0,0,0,72,81,9,9,81,0,4,20
parallel_chunked,6,50,8,1,180780.000000,81,81,16,0,0,0,0,144,81,9,9,81,0,8,10
parallel_chunked,7,50,1,1,3598.000000,64,64,14,0,0,0,0,0,64,8,8,64,0,1,64
parallel_chunked,7,50,2,1,47962.000000,64,64,14,0,0,0,0,32,64,8,8,64,0,2,32
parallel_chunked,7,50,4,1,74203.000000,64,64,14,0,0,0,0,64,64,8,8,64,0,4,16
parallel_chunked,7,50,8,1,177819.000000,64,64,14,0,0,0,0,128,64,8,8,64,0,8,8
parallel_chunked,8,50,1,1,3730.000000,49,49,12,0,0,0,0,0,49,7,7,49,0,1,49
parallel_chunked,8,50,2,1,43922.000000,49,49,12,0,0,0,0,28,49,7,7,49,0,2,24
parallel_chunked,8,50,4,1,68920.000000,49,49,12,0,0,0,0,56,49,7,7,49,0,4,12
parallel_chunked,8,50,8,1,147230.000000,49,49,12,0,0,0,0,98,49,7,7,49,0,7,7
parallel_chunked,9,50,1,1,3468.000000,36,36,11,0,0,0,0,0,36,6,6,36,0,1,36
parallel_chunked,9,50,2,1,43696.000000,36,36,11,0,0,0,0,24,36,6,6,36,0,2,18
parallel_chunked,9,50,4,1,74659.000000,36,36,11,0,0,0,0,48,36,6,6,36,0,4,9
parallel_chunked,9,50,8,1,175262.000000,36,36,11,0,0,0,0,72,36,6,6,36,0,6,6
parallel_chunked,10,50,1,1,3510.000000,25,25,9,0,0,0,0,0,25,5,5,25,0,1,25
parallel_chunked,10,50,2,1,44356.000000,25,25,9,0,0,0,0,20,25,5,5,25,0,2,12
parallel_chunked,10,50,4,1,90147.000000,25,25,9,0,0,0,0,40,25,5,5,25,0,4,6
parallel_chunked,10,50,8,1,116594.000000,25,25,9,0,0,0,0,50,25,5,5,25,0,5,5
boost_cpp_int,0,50,1,1,478.000000,0,0,0,0,0,0,0,0,0,0,0,0,0,0,0
schoolbook,0,50,1,2,4351.000000,2500,2500,97,0,0,0,0,0,0,0,0,0,0,0,0
karatsuba,0,50,1,2,4282.000000,2500,2500,97,0,1,1,0,0,0,0,0,0,0,0,0
chunked,3,50,1,2,4967.000000,0,289,32,0,0,0,34,0,0,17,17,289,0,0,0
chunked,4,50,1,2,3829.000000,0,169,24,0,0,0,26,0,0,13,13,169,0,0,0
chunked,5,50,1,2,3435.000000,0,100,19,0,0,0,20,0,0,10,10,100,0,0,0
chunked,6,50,1,2,3334.000000,0,81,16,0,0,0,18,0,0,9,9,81,0,0,0
chunked,7,50,1,2,3108.000000,0,64,14,0,0,0,16,0,0,8,8,64,0,0,0
chunked,8,50,1,2,2957.000000,0,49,12,0,0,0,14,0,0,7,7,49,0,0,0
chunked,9,50,1,2,2730.000000,0,36,10,0,0,0,12,0,0,6,6,36,0,0,0
chunked,10,50,1,2,2688.000000,0,25,9,0,0,0,10,0,0,5,5,25,0,0,0
parallel_chunked,3,50,1,2,4319.000000,289,289,32,0,0,0,0,0,289,17,17,289,0,1,289
parallel_chunked,3,50,2,2,46898.000000,289,289,32,0,0,0,0,68,289,17,17,289,0,2,144
parallel_chunked,3,50,4,2,69632.000000,289,289,32,0,0,0,0,136,289,17,17,289,0,4,72
parallel_chunked,3,50,8,2,197076.000000,289,289,32,0,0,0,0,272,289,17,17,289,0,8,36
parallel_chunked,4,50,1,2,4849.000000,169,169,24,0,0,0,0,0,169,13,13,169,0,1,169
parallel_chunked,4,50,2,2,49789.000000,169,169,24,0,0,0,0,52,169,13,13,169,0,2,84
parallel_chunked,4,50,4,2,74129.000000,169,169,24,0,0,0,0,104,169,13,13,169,0,4,42
parallel_chunked,4,50,8,2,195928.000000,169,169,24,0,0,0,0,208,169,13,13,169,0,8,21
parallel_chunked,5,50,1,2,4248.000000,100,100,19,0,0,0,0,0,100,10,10,100,0,1,100
parallel_chunked,5,50,2,2,46446.000000,100,100,19,0,0,0,0,40,100,10,10,100,0,2,50
parallel_chunked,5,50,4,2,74333.000000,100,100,19,0,0,0,0,80,100,10,10,100,0,4,25
parallel_chunked,5,50,8,2,181299.000000,100,100,19,0,0,0,0,160,100,10,10,100,0,8,12
parallel_chunked,6,50,1,2,4146.000000,81,81,16,0,0,0,0,0,81,9,9,81,0,1,81
parallel_chunked,6,50,2,2,47597.000000,81,81,16,0,0,0,0,36,81,9,9,81,0,2,40
parallel_chunked,6,50,4,2,75432.000000,81,81,16,0,0,0,0,72,81,9,9,81,0,4,20
parallel_chunked,6,50,8,2,179771.000000,81,81,16,0,0,0,0,144,81,9,9,81,0,8,10
parallel_chunked,7,50,1,2,3751.000000,64,64,14,0,0,0,0,0,64,8,8,64,0,1,64
parallel_chunked,7,50,2,2,44688.000000,64,64,14,0,0,0,0,32,64,8,8,64,0,2,32
parallel_chunked,7,50,4,2,76518.000000,64,64,14,0,0,0,0,64,64,8,8,64,0,4,16
parallel_chunked,7,50,8,2,265360.000000,64,64,14,0,0,0,0,128,64,8,8,64,0,8,8
parallel_chunked,8,50,1,2,3467.000000,49,49,12,0,0,0,0,0,49,7,7,49,0,1,49
parallel_chunked,8,50,2,2,58921.000000,49,49,12,0,0,0,0,28,49,7,7,49,0,2,24
parallel_chunked,8,50,4,2,83959.000000,49,49,12,0,0,0,0,56,49,7,7,49,0,4,12
parallel_chunked,8,50,8,2,182967.000000,49,49,12,0,0,0,0,98,49,7,7,49,0,7,7
parallel_chunked,9,50,1,2,3631.000000,36,36,10,0,0,0,0,0,36,6,6,36,0,1,36
parallel_chunked,9,50,2,2,51450.000000,36,36,10,0,0,0,0,24,36,6,6,36,0,2,18
parallel_chunked,9,50,4,2,79259.000000,36,36,10,0,0,0,0,48,36,6,6,36,0,4,9
parallel_chunked,9,50,8,2,146573.000000,36,36,10,0,0,0,0,72,36,6,6,36,0,6,6
parallel_chunked,10,50,1,2,4000.000000,25,25,9,0,0,0,0,0,25,5,5,25,0,1,25
parallel_chunked,10,50,2,2,53997.000000,25,25,9,0,0,0,0,20,25,5,5,25,0,2,12
parallel_chunked,10,50,4,2,85358.000000,25,25,9,0,0,0,0,40,25,5,5,25,0,4,6
parallel_chunked,10,50,8,2,116175.000000,25,25,9,0,0,0,0,50,25,5,5,25,0,5,5
boost_cpp_int,0,50,1,2,370.000000,0,0,0,0,0,0,0,0,0,0,0,0,0,0,0
schoolbook,0,50,1,3,4361.000000,2500,2500,96,0,0,0,0,0,0,0,0,0,0,0,0
karatsuba,0,50,1,3,4182.000000,2500,2500,96,0,1,1,0,0,0,0,0,0,0,0,0
chunked,3,50,1,3,5273.000000,0,289,32,0,0,0,34,0,0,17,17,289,0,0,0
chunked,4,50,1,3,4057.000000,0,169,24,0,0,0,26,0,0,13,13,169,0,0,0
chunked,5,50,1,3,3664.000000,0,100,19,0,0,0,20,0,0,10,10,100,0,0,0
chunked,6,50,1,3,3308.000000,0,81,16,0,0,0,18,0,0,9,9,81,0,0,0
chunked,7,50,1,3,3178.000000,0,64,14,0,0,0,16,0,0,8,8,64,0,0,0
chunked,8,50,1,3,2855.000000,0,49,12,0,0,0,14,0,0,7,7,49,0,0,0
chunked,9,50,1,3,2725.000000,0,36,10,0,0,0,12,0,0,6,6,36,0,0,0
chunked,10,50,1,3,2735.000000,0,25,9,0,0,0,10,0,0,5,5,25,0,0,0
parallel_chunked,3,50,1,3,4300.000000,289,289,32,0,0,0,0,0,289,17,17,289,0,1,289
parallel_chunked,3,50,2,3,55690.000000,289,289,32,0,0,0,0,68,289,17,17,289,0,2,144
parallel_chunked,3,50,4,3,124935.000000,289,289,32,0,0,0,0,136,289,17,17,289,0,4,72
parallel_chunked,3,50,8,3,228771.000000,289,289,32,0,0,0,0,272,289,17,17,289,0,8,36
parallel_chunked,4,50,1,3,4631.000000,169,169,24,0,0,0,0,0,169,13,13,169,0,1,169
parallel_chunked,4,50,2,3,51407.000000,169,169,24,0,0,0,0,52,169,13,13,169,0,2,84
parallel_chunked,4,50,4,3,78599.000000,169,169,24,0,0,0,0,104,169,13,13,169,0,4,42
parallel_chunked,4,50,8,3,225236.000000,169,169,24,0,0,0,0,208,169,13,13,169,0,8,21
parallel_chunked,5,50,1,3,4187.000000,100,100,19,0,0,0,0,0,100,10,10,100,0,1,100
parallel_chunked,5,50,2,3,53573.000000,100,100,19,0,0,0,0,40,100,10,10,100,0,2,50
parallel_chunked,5,50,4,3,80844.000000,100,100,19,0,0,0,0,80,100,10,10,100,0,4,25
parallel_chunked,5,50,8,3,224855.000000,100,100,19,0,0,0,0,160,100,10,10,100,0,8,12
parallel_chunked,6,50,1,3,4418.000000,81,81,16,0,0,0,0,0,81,9,9,81,0,1,81
parallel_chunked,6,50,2,3,54513.000000,81,81,16,0,0,0,0,36,81,9,9,81,0,2,40
parallel_chunked,6,50,4,3,107756.000000,81,81,16,0,0,0,0,72,81,9,9,81,0,4,20
parallel_chunked,6,50,8,3,230112.000000,81,81,16,0,0,0,0,144,81,9,9,81,0,8,10
parallel_chunked,7,50,1,3,3697.000000,64,64,14,0,0,0,0,0,64,8,8,64,0,1,64
parallel_chunked,7,50,2,3,59745.000000,64,64,14,0,0,0,0,32,64,8,8,64,0,2,32
parallel_chunked,7,50,4,3,88729.000000,64,64,14,0,0,0,0,64,64,8,8,64,0,4,16
parallel_chunked,7,50,8,3,291190.000000,64,64,14,0,0,0,0,128,64,8,8,64,0,8,8
parallel_chunked,8,50,1,3,5326.000000,49,49,12,0,0,0,0,0,49,7,7,49,0,1,49
parallel_chunked,8,50,2,3,49993.000000,49,49,12,0,0,0,0,28,49,7,7,49,0,2,24
parallel_chunked,8,50,4,3,81294.000000,49,49,12,0,0,0,0,56,49,7,7,49,0,4,12
parallel_chunked,8,50,8,3,184013.000000,49,49,12,0,0,0,0,98,49,7,7,49,0,7,7
parallel_chunked,9,50,1,3,5253.000000,36,36,10,0,0,0,0,0,36,6,6,36,0,1,36
parallel_chunked,9,50,2,3,58975.000000,36,36,10,0,0,0,0,24,36,6,6,36,0,2,18
parallel_chunked,9,50,4,3,78062.000000,36,36,10,0,0,0,0,48,36,6,6,36,0,4,9
parallel_chunked,9,50,8,3,153696.000000,36,36,10,0,0,0,0,72,36,6,6,36,0,6,6
parallel_chunked,10,50,1,3,4913.000000,25,25,9,0,0,0,0,0,25,5,5,25,0,1,25
parallel_chunked,10,50,2,3,52049.000000,25,25,9,0,0,0,0,20,25,5,5,25,0,2,12
parallel_chunked,10,50,4,3,82955.000000,25,25,9,0,0,0,0,40,25,5,5,25,0,4,6
parallel_chunked,10,50,8,3,120548.000000,25,25,9,0,0,0,0,50,25,5,5,25,0,5,5
boost_cpp_int,0,50,1,3,466.000000,0,0,0,0,0,0,0,0,0,0,0,0,0,0,0
schoolbook,0,50,1,4,6843.000000,2500,2500,99,0,0,0,0,0,0,0,0,0,0,0,0
karatsuba,0,50,1,4,6602.000000,2500,2500,99,0,1,1,0,0,0,0,0,0,0,0,0
chunked,3,50,1,4,6837.000000,0,289,33,0,0,0,34,0,0,17,17,289,0,0,0
chunked,4,50,1,4,5424.000000,0,169,24,0,0,0,26,0,0,13,13,169,0,0,0
chunked,5,50,1,4,4794.000000,0,100,19,0,0,0,20,0,0,10,10,100,0,0,0
chunked,6,50,1,4,4640.000000,0,81,16,0,0,0,18,0,0,9,9,81,0,0,0
chunked,7,50,1,4,4370.000000,0,64,14,0,0,0,16,0,0,8,8,64,0,0,0
chunked,8,50,1,4,4077.000000,0,49,12,0,0,0,14,0,0,7,7,49,0,0,0
chunked,9,50,1,4,3692.000000,0,36,11,0,0,0,12,0,0,6,6,36,0,0,0
chunked,10,50,1,4,3720.000000,0,25,9,0,0,0,10,0,0,5,5,25,0,0,0
parallel_chunked,3,50,1,4,6203.000000,289,289,33,0,0,0,0,0,289,17,17,289,0,1,289
parallel_chunked,3,50,2,4,51796.000000,289,289,33,0,0,0,0,68,289,17,17,289,0,2,144
parallel_chunked,3,50,4,4,91732.000000,289,289,33,0,0,0,0,136,289,17,17,289,0,4,72
parallel_chunked,3,50,8,4,229934.000000,289,289,33,0,0,0,0,272,289,17,17,289,0,8,36
parallel_chunked,4,50,1,4,6007.000000,169,169,24,0,0,0,0,0,169,13,13,169,0,1,169
parallel_chunked,4,50,2,4,54169.000000,169,169,24,0,0,0,0,52,169,13,13,169,0,2,84
parallel_chunked,4,50,4,4,82485.000000,169,169,24,0,0,0,0,104,169,13,13,169,0,4,42
parallel_chunked,4,50,8,4,227812.000000,169,169,24,0,0,0,0,208,169,13,13,169,0,8,21
parallel_chunked,5,50,1,4,5380.000000,100,100,19,0,0,0,0,0,100,10,10,100,0,1,100
parallel_chunked,5,50,2,4,57941.000000,100,100,19,0,0,0,0,40,100,10,10,100,0,2,50
parallel_chunked,5,50,4,4,80628.000000,100,100,19,0,0,0,0,80,100,10,10,100,0,4,25
parallel_chunked,5,50,8,4,213776.000000,100,100,19,0,0,0,0,160,100,10,10,100,0,8,12
parallel_chunked,6,50,1,4,4193.000000,81,81,16,0,0,0,0,0,81,9,9,81,0,1,81
parallel_chunked,6,50,2,4,54936.000000,81,81,16,0,0,0,0,36,81,9,9,81,0,2,40
parallel_chunked,6,50,4,4,86419.000000,81,81,16,0,0,0,0,72,81,9,9,81,0,4,20
parallel_chunked,6,50,8,4,244562.000000,81,81,16,0,0,0,0,144,81,9,9,81,0,8,10
parallel_chunked,7,50,1,4,3422.000000,64,64,14,0,0,0,0,0,64,8,8,64,0,1,64
parallel_chunked,7,50,2,4,57469.000000,64,64,14,0,0,0,0,32,64,8,8,64,0,2,32
parallel_chunked,7,50,4,4,148630.000000,64,64,14,0,0,0,0,64,64,8,8,64,0,4,16
parallel_chunked,7,50,8,4,254134.000000,64,64,14,0,0,0,0,128,64,8,8,64,0,8,8
parallel_chunked,8,50,1,4,3914.000000,49,49,12,0,0,0,0,0,49,7,7,49,0,1,49
parallel_chunked,8,50,2,4,54679.000000,49,49,12,0,0,0,0,28,49,7,7,49,0,2,24
parallel_chunked,8,50,4,4,95356.000000,49,49,12,0,0,0,0,56,49,7,7,49,0,4,12
parallel_chunked,8,50,8,4,218912.000000,49,49,12,0,0,0,0,98,49,7,7,49,0,7,7
parallel_chunked,9,50,1,4,3783.000000,36,36,11,0,0,0,0,0,36,6,6,36,0,1,36
parallel_chunked,9,50,2,4,58438.000000,36,36,11,0,0,0,0,24,36,6,6,36,0,2,18
parallel_chunked,9,50,4,4,84049.000000,36,36,11,0,0,0,0,48,36,6,6,36,0,4,9
parallel_chunked,9,50,8,4,165667.000000,36,36,11,0,0,0,0,72,36,6,6,36,0,6,6
parallel_chunked,10,50,1,4,3625.000000,25,25,9,0,0,0,0,0,25,5,5,25,0,1,25
parallel_chunked,10,50,2,4,55486.000000,25,25,9,0,0,0,0,20,25,5,5,25,0,2,12
parallel_chunked,10,50,4,4,82556.000000,25,25,9,0,0,0,0,40,25,5,5,25,0,4,6
parallel_chunked,10,50,8,4,125400.000000,25,25,9,0,0,0,0,50,25,5,5,25,0,5,5
boost_cpp_int,0,50,1,4,454.000000,0,0,0,0,0,0,0,0,0,0,0,0,0,0,0
schoolbook,0,50,1,5,4496.000000,2500,2500,99,0,0,0,0,0,0,0,0,0,0,0,0
karatsuba,0,50,1,5,4415.000000,2500,2500,99,0,1,1,0,0,0,0,0,0,0,0,0
chunked,3,50,1,5,5964.000000,0,289,33,0,0,0,34,0,0,17,17,289,0,0,0
chunked,4,50,1,5,4554.000000,0,169,24,0,0,0,26,0,0,13,13,169,0,0,0
chunked,5,50,1,5,3856.000000,0,100,19,0,0,0,20,0,0,10,10,100,0,0,0
chunked,6,50,1,5,3453.000000,0,81,16,0,0,0,18,0,0,9,9,81,0,0,0
chunked,7,50,1,5,3175.000000,0,64,14,0,0,0,16,0,0,8,8,64,0,0,0
chunked,8,50,1,5,3290.000000,0,49,12,0,0,0,14,0,0,7,7,49,0,0,0
chunked,9,50,1,5,2749.000000,0,36,11,0,0,0,12,0,0,6,6,36,0,0,0
chunked,10,50,1,5,2792.000000,0,25,9,0,0,0,10,0,0,5,5,25,0,0,0
parallel_chunked,3,50,1,5,4461.000000,289,289,33,0,0,0,0,0,289,17,17,289,0,1,289
parallel_chunked,3,50,2,5,50903.000000,289,289,33,0,0,0,0,68,289,17,17,289,0,2,144
parallel_chunked,3,50,4,5,78718.000000,289,289,33,0,0,0,0,136,289,17,17,289,0,4,72
parallel_chunked,3,50,8,5,226789.000000,289,289,33,0,0,0,0,272,289,17,17,289,0,8,36
parallel_chunked,4,50,1,5,4500.000000,169,169,24,0,0,0,0,0,169,13,13,169,0,1,169
parallel_chunked,4,50,2,5,55990.000000,169,169,24,0,0,0,0,52,169,13,13,169,0,2,84
parallel_chunked,4,50,4,5,77184.000000,169,169,24,0,0,0,0,104,169,13,13,169,0,4,42
parallel_chunked,4,50,8,5,224961.000000,169,169,24,0,0,0,0,208,169,13,13,169,0,8,21
parallel_chunked,5,50,1,5,4198.000000,100,100,19,0,0,0,0,0,100,10,10,100,0,1,100
parallel_chunked,5,50,2,5,57769.000000,100,100,19,0,0,0,0,40,100,10,10,100,0,2,50
parallel_chunked,5,50,4,5,82780.000000,100,100,19,0,0,0,0,80,100,10,10,100,0,4,25
parallel_chunked,5,50,8,5,236381.000000,100,100,19,0,0,0,0,160,100,10,10,100,0,8,12
parallel_chunked,6,50,1,5,4518.000000,81,81,16,0,0,0,0,0,81,9,9,81,0,1,81
parallel_chunked,6,50,2,5,51081.000000,81,81,16,0,0,0,0,36,81,9,9,81,0,2,40
parallel_chunked,6,50,4,5,89939.000000,81,81,16,0,0,0,0,72,81,9,9,81,0,4,20
parallel_chunked,6,50,8,5,266284.000000,81,81,16,0,0,0,0,144,81,9,9,81,0,8,10
parallel_chunked,7,50,1,5,4743.000000,64,64,14,0,0,0,0,0,64,8,8,64,0,1,64
parallel_chunked,7,50,2,5,54834.000000,64,64,14,0,0,0,0,32,64,8,8,64,0,2,32
parallel_chunked,7,50,4,5,96801.000000,64,64,14,0,0,0,0,64,64,8,8,64,0,4,16
parallel_chunked,7,50,8,5,270627.000000,64,64,14,0,0,0,0,128,64,8,8,64,0,8,8
parallel_chunked,8,50,1,5,4049.000000,49,49,12,0,0,0,0,0,49,7,7,49,0,1,49
parallel_chunked,8,50,2,5,58011.000000,49,49,12,0,0,0,0,28,49,7,7,49,0,2,24
parallel_chunked,8,50,4,5,92363.000000,49,49,12,0,0,0,0,56,49,7,7,49,0,4,12
parallel_chunked,8,50,8,5,243026.000000,49,49,12,0,0,0,0,98,49,7,7,49,0,7,7
parallel_chunked,9,50,1,5,4171.000000,36,36,11,0,0,0,0,0,36,6,6,36,0,1,36
parallel_chunked,9,50,2,5,59988.000000,36,36,11,0,0,0,0,24,36,6,6,36,0,2,18
parallel_chunked,9,50,4,5,85398.000000,36,36,11,0,0,0,0,48,36,6,6,36,0,4,9
parallel_chunked,9,50,8,5,205276.000000,36,36,11,0,0,0,0,72,36,6,6,36,0,6,6
parallel_chunked,10,50,1,5,3339.000000,25,25,9,0,0,0,0,0,25,5,5,25,0,1,25
parallel_chunked,10,50,2,5,61926.000000,25,25,9,0,0,0,0,20,25,5,5,25,0,2,12
parallel_chunked,10,50,4,5,115265.000000,25,25,9,0,0,0,0,40,25,5,5,25,0,4,6
parallel_chunked,10,50,8,5,148588.000000,25,25,9,0,0,0,0,50,25,5,5,25,0,5,5
boost_cpp_int,0,50,1,5,729.000000,0,0,0,0,0,0,0,0,0,0,0,0,0,0,0
schoolbook,0,100,1,1,18174.000000,10000,10000,199,0,0,0,0,0,0,0,0,0,0,0,0
karatsuba,0,100,1,1,24765.000000,7500,7950,295,200,4,3,0,0,0,0,0,0,1,0,0
chunked,3,100,1,1,9279.000000,0,1156,66,0,0,0,68,0,0,34,34,1156,0,0,0
chunked,4,100,1,1,6026.000000,0,625,49,0,0,0,50,0,0,25,25,625,0,0,0
chunked,5,100,1,1,5084.000000,0,400,39,0,0,0,40,0,0,20,20,400,0,0,0
chunked,6,100,1,1,4505.000000,0,289,33,0,0,0,34,0,0,17,17,289,0,0,0
chunked,7,100,1,1,5466.000000,0,225,28,0,0,0,30,0,0,15,15,225,0,0,0
chunked,8,100,1,1,6213.000000,0,169,24,0,0,0,26,0,0,13,13,169,0,0,0
chunked,9,100,1,1,4359.000000,0,144,22,0,0,0,24,0,0,12,12,144,0,0,0
chunked,10,100,1,1,3394.000000,0,100,19,0,0,0,20,0,0,10,10,100,0,0,0
parallel_chunked,3,100,1,1,7803.000000,1156,1156,66,0,0,0,0,0,1156,34,34,1156,0,1,1156
parallel_chunked,3,100,2,1,80376.000000,1156,1156,66,0,0,0,0,136,1156,34,34,1156,0,2,578
parallel_chunked,3,100,4,1,111207.000000,1156,1156,66,0,0,0,0,272,1156,34,34,1156,0,4,289
parallel_chunked,3,100,8,1,284066.000000,1156,1156,66,0,0,0,0,544,1156,34,34,1156,0,8,144
parallel_chunked,4,100,1,1,8462.000000,625,625,49,0,0,0,0,0,625,25,25,625,0,1,625
parallel_chunked,4,100,2,1,65474.000000,625,625,49,0,0,0,0,100,625,25,25,625,0,2,312
parallel_chunked,4,100,4,1,95966.000000,625,625,49,0,0,0,0,200,625,25,25,625,0,4,156
parallel_chunked,4,100,8,1,249307.000000,625,625,49,0,0,0,0,400,625,25,25,625,0,8,78
parallel_chunked,5,100,1,1,6427.000000,400,400,39,0,0,0,0,0,400,20,20,400,0,1,400
parallel_chunked,5,100,2,1,59103.000000,400,400,39,0,0,0,0,80,400,20,20,400,0,2,200
parallel_chunked,5,100,4,1,107547.000000,400,400,39,0,0,0,0,160,400,20,20,400,0,4,100
parallel_chunked,5,100,8,1,1012394.000000,400,400,39,0,0,0,0,320,400,20,20,400,0,8,50
parallel_chunked,6,100,1,1,6142.000000,289,289,33,0,0,0,0,0,289,17,17,289,0,1,289
parallel_chunked,6,100,2,1,92545.000000,289,289,33,0,0,0,0,68,289,17,17,289,0,2,144
parallel_chunked,6,100,4,1,95823.000000,289,289,33,0,0,0,0,136,289,17,17,289,0,4,72
parallel_chunked,6,100,8,1,250891.000000,289,289,33,0,0,0,0,272,289,17,17,289,0,8,36
parallel_chunked,7,100,1,1,6319.000000,225,225,28,0,0,0,0,0,225,15,15,225,0,1,225
parallel_chunked,7,100,2,1,62844.000000,225,225,28,0,0,0,0,60,225,15,15,225,0,2,112
parallel_chunked,7,100,4,1,86308.000000,225,225,28,0,0,0,0,120,225,15,15,225,0,4,56
parallel_chunked,7,100,8,1,315985.000000,225,225,28,0,0,0,0,240,225,15,15,225,0,8,28
parallel_chunked,8,100,1,1,6020.000000,169,169,24,0,0,0,0,0,169,13,13,169,0,1,169
parallel_chunked,8,100,2,1,57828.000000,169,169,24,0,0,0,0,52,169,13,13,169,0,2,84
parallel_chunked,8,100,4,1,84063.000000,169,169,24,0,0,0,0,104,169,13,13,169,0,4,42
parallel_chunked,8,100,8,1,190623.000000,169,169,24,0,0,0,0,208,169,13,13,169,0,8,21
parallel_chunked,9,100,1,1,5090.000000,144,144,22,0,0,0,0,0,144,12,12,144,0,1,144
parallel_chunked,9,100,2,1,50149.000000,144,144,22,0,0,0,0,48,144,12,12,144,0,2,72
parallel_chunked,9,100,4,1,74463.000000,144,144,22,0,0,0,0,96,144,12,12,144,0,4,36
parallel_chunked,9,100,8,1,189686.000000,144,144,22,0,0,0,0,192,144,12,12,144,0,8,18
parallel_chunked,10,100,1,1,4936.000000,100,100,19,0,0,0,0,0,100,10,10,100,0,1,100
parallel_chunked,10,100,2,1,50996.000000,100,100,19,0,0,0,0,40,100,10,10,100,0,2,50
parallel_chunked,10,100,4,1,77470.000000,100,100,19,0,0,0,0,80,100,10,10,100,0,4,25
parallel_chunked,10,100,8,1,212990.000000,100,100,19,0,0,0,0,160,100,10,10,100,0,8,12
boost_cpp_int,0,100,1,1,489.000000,0,0,0,0,0,0,0,0,0,0,0,0,0,0,0
schoolbook,0,100,1,2,13838.000000,10000,10000,199,0,0,0,0,0,0,0,0,0,0,0,0
karatsuba,0,100,1,2,19218.000000,7601,8051,297,201,4,3,0,0,0,0,0,0,1,0,0
chunked,3,100,1,2,9303.000000,0,1156,66,0,0,0,68,0,0,34,34,1156,0,0,0
chunked,4,100,1,2,6550.000000,0,625,49,0,0,0,50,0,0,25,25,625,0,0,0
chunked,5,100,1,2,5625.000000,0,400,39,0,0,0,40,0,0,20,20,400,0,0,0
chunked,6,100,1,2,5089.000000,0,289,33,0,0,0,34,0,0,17,17,289,0,0,0
chunked,7,100,1,2,4842.000000,0,225,28,0,0,0,30,0,0,15,15,225,0,0,0
chunked,8,100,1,2,4466.000000,0,169,24,0,0,0,26,0,0,13,13,169,0,0,0
chunked,9,100,1,2,4126.000000,0,144,22,0,0,0,24,0,0,12,12,144,0,0,0
chunked,10,100,1,2,4113.000000,0,100,19,0,0,0,20,0,0,10,10,100,0,0,0
parallel_chunked,3,100,1,2,8356.000000,1156,1156,66,0,0,0,0,0,1156,34,34,1156,0,1,1156
parallel_chunked,3,100,2,2,295415.000000,1156,1156,66,0,0,0,0,136,1156,34,34,1156,0,2,578
parallel_chunked,3,100,4,2,120326.000000,1156,1156,66,0,0,0,0,272,1156,34,34,1156,0,4,289
parallel_chunked,3,100,8,2,203791.000000,1156,1156,66,0,0,0,0,544,1156,34,34,1156,0,8,144
parallel_chunked,4,100,1,2,7751.000000,625,625,49,0,0,0,0,0,625,25,25,625,0,1,625
parallel_chunked,4,100,2,2,53945.000000,625,625,49,0,0,0,0,100,625,25,25,625,0,2,312
parallel_chunked,4,100,4,2,80792.000000,625,625,49,0,0,0,0,200,625,25,25,625,0,4,156
parallel_chunked,4,100,8,2,191663.000000,625,625,49,0,0,0,0,400,625,25,25,625,0,8,78
parallel_chunked,5,100,1,2,6191.000000,400,400,39,0,0,0,0,0,400,20,20,400,0,1,400
parallel_chunked,5,100,2,2,49310.000000,400,400,39,0,0,0,0,80,400,20,20,400,0,2,200
parallel_chunked,5,100,4,2,78616.000000,400,400,39,0,0,0,0,160,400,20,20,400,0,4,100
parallel_chunked,5,100,8,2,175495.000000,400,400,39,0,0,0,0,320,400,20,20,400,0,8,50
parallel_chunked,6,100,1,2,5748.000000,289,289,33,0,0,0,0,0,289,17,17,289,0,1,289
parallel_chunked,6,100,2,2,47781.000000,289,289,33,0,0,0,0,68,289,17,17,289,0,2,144
parallel_chunked,6,100,4,2,75182.000000,289,289,33,0,0,0,0,136,289,17,17,289,0,4,72
parallel_chunked,6,100,8,2,186487.000000,289,289,33,0,0,0,0,272,289,17,17,289,0,8,36
parallel_chunked,7,100,1,2,5687.000000,225,225,28,0,0,0,0,0,225,15,15,225,0,1,225
parallel_chunked,7,100,2,2,48109.000000,225,225,28,0,0,0,0,60,225,15,15,225,0,2,112
parallel_chunked,7,100,4,2,73760.000000,225,225,28,0,0,0,0,120,225,15,15,225,0,4,56
parallel_chunked,7,100,8,2,176619.000000,225,225,28,0,0,0,0,240,225,15,15,225,0,8,28
parallel_chunked,8,100,1,2,4921.000000,169,169,24,0,0,0,0,0,169,13,13,169,0,1,169
parallel_chunked,8,100,2,2,46277.000000,169,169,24,0,0,0,0,52,169,13,13,169,0,2,84
parallel_chunked,8,100,4,2,73861.000000,169,169,24,0,0,0,0,104,169,13,13,169,0,4,42
parallel_chunked,8,100,8,2,172228.000000,169,169,24,0,0,0,0,208,169,13,13,169,0,8,21
parallel_chunked,9,100,1,2,4823.000000,144,144,22,0,0,0,0,0,144,12,12,144,0,1,144
parallel_chunked,9,100,2,2,46222.000000,144,144,22,0,0,0,0,48,144,12,12,144,0,2,72
parallel_chunked,9,100,4,2,72948.000000,144,144,22,0,0,0,0,96,144,12,12,144,0,4,36
parallel_chunked,9,100,8,2,181292.000000,144,144,22,0,0,0,0,192,144,12,12,144,0,8,18
parallel_chunked,10,100,1,2,4834.000000,100,100,19,0,0,0,0,0,100,10,10,100,0,1,100
parallel_chunked,10,100,2,2,47253.000000,100,100,19,0,0,0,0,40,100,10,10,100,0,2,50
parallel_chunked,10,100,4,2,75684.000000,100,100,19,0,0,0,0,80,100,10,10,100,0,4,25
parallel_chunked,10,100,8,2,179255.000000,100,100,19,0,0,0,0,160,100,10,10,100,0,8,12
boost_cpp_int,0,100,1,2,477.000000,0,0,0,0,0,0,0,0,0,0,0,0,0,0,0
schoolbook,0,100,1,3,13875.000000,10000,10000,199,0,0,0,0,0,0,0,0,0,0,0,0
karatsuba,0,100,1,3,20116.000000,7550,8000,293,200,4,3,0,0,0,0,0,0,1,0,0
chunked,3,100,1,3,8989.000000,0,1156,66,0,0,0,68,0,0,34,34,1156,0,0,0
chunked,4,100,1,3,6072.000000,0,625,49,0,0,0,50,0,0,25,25,625,0,0,0
chunked,5,100,1,3,5462.000000,0,400,39,0,0,0,40,0,0,20,20,400,0,0,0
chunked,6,100,1,3,4962.000000,0,289,33,0,0,0,34,0,0,17,17,289,0,0,0
chunked,7,100,1,3,4553.000000,0,225,28,0,0,0,30,0,0,15,15,225,0,0,0
chunked,8,100,1,3,4145.000000,0,169,24,0,0,0,26,0,0,13,13,169,0,0,0
chunked,9,100,1,3,4072.000000,0,144,22,0,0,0,24,0,0,12,12,144,0,0,0
chunked,10,100,1,3,4093.000000,0,100,19,0,0,0,20,0,0,10,10,100,0,0,0
parallel_chunked,3,100,1,3,7875.000000,1156,1156,66,0,0,0,0,0,1156,34,34,1156,0,1,1156
parallel_chunked,3,100,2,3,52044.000000,1156,1156,66,0,0,0,0,136,1156,34,34,1156,0,2,578
parallel_chunked,3,100,4,3,79567.000000,1156,1156,66,0,0,0,0,272,1156,34,34,1156,0,4,289
parallel_chunked,3,100,8,3,210707.000000,1156,1156,66,0,0,0,0,544,1156,34,34,1156,0,8,144
parallel_chunked,4,100,1,3,6721.000000,625,625,49,0,0,0,0,0,625,25,25,625,0,1,625
parallel_chunked,4,100,2,3,50572.000000,625,625,49,0,0,0,0,100,625,25,25,625,0,2,312
parallel_chunked,4,100,4,3,77620.000000,625,625,49,0,0,0,0,200,625,25,25,625,0,4,156
parallel_chunked,4,100,8,3,185312.000000,625,625,49,0,0,0,0,400,625,25,25,625,0,8,78
parallel_chunked,5,100,1,3,5797.000000,400,400,39,0,0,0,0,0,400,20,20,400,0,1,400
parallel_chunked,5,100,2,3,47115.000000,400,400,39,0,0,0,0,80,400,20,20,400,0,2,200
parallel_chunked,5,100,4,3,72957.000000,400,400,39,0,0,0,0,160,400,20,20,400,0,4,100
parallel_chunked,5,100,8,3,174134.000000,400,400,39,0,0,0,0,320,400,20,20,400,0,8,50
parallel_chunked,6,100,1,3,5288.000000,289,289,33,0,0,0,0,0,289,17,17,289,0,1,289
parallel_chunked,6,100,2,3,50734.000000,289,289,33,0,0,0,0,68,289,17,17,289,0,2,144
parallel_chunked,6,100,4,3,88776.000000,289,289,33,0,0,0,0,136,289,17,17,289,0,4,72
parallel_chunked,6,100,8,3,194202.000000,289,289,33,0,0,0,0,272,289,17,17,289,0,8,36
parallel_chunked,7,100,1,3,5319.000000,225,225,28,0,0,0,0,0,225,15,15,225,0,1,225
parallel_chunked,7,100,2,3,48671.000000,225,225,28,0,0,0,0,60,225,15,15,225,0,2,112
parallel_chunked,7,100,4,3,79001.000000,225,225,28,0,0,0,0,120,225,15,15,225,0,4,56
parallel_chunked,7,100,8,3,178497.000000,225,225,28,0,0,0,0,240,225,15,15,225,0,8,28
parallel_chunked,8,100,1,3,4678.000000,169,169,24,0,0,0,0,0,169,13,13,169,0,1,169
parallel_chunked,8,100,2,3,46897.000000,169,169,24,0,0,0,0,52,169,13,13,169,0,2,84
parallel_chunked,8,100,4,3,78360.000000,169,169,24,0,0,0,0,104,169,13,13,169,0,4,42
parallel_chunked,8,100,8,3,177726.000000,169,169,24,0,0,0,0,208,169,13,13,169,0,8,21
parallel_chunked,9,100,1,3,4776.000000,144,144,22,0,0,0,0,0,144,12,12,144,0,1,144
parallel_chunked,9,100,2,3,48201.000000,144,144,22,0,0,0,0,48,144,12,12,144,0,2,72
parallel_chunked,9,100,4,3,79118.000000,144,144,22,0,0,0,0,96,144,12,12,144,0,4,36
parallel_chunked,9,100,8,3,178103.000000,144,144,22,0,0,0,0,192,144,12,12,144,0,8,18
parallel_chunked,10,100,1,3,5008.000000,100,100,19,0,0,0,0,0,100,10,10,100,0,1,100
parallel_chunked,10,100,2,3,46905.000000,100,100,19,0,0,0,0,40,100,10,10,100,0,2,50
parallel_chunked,10,100,4,3,76098.000000,100,100,19,0,0,0,0,80,100,10,10,100,0,4,25
parallel_chunked,10,100,8,3,181031.000000,100,100,19,0,0,0,0,160,100,10,10,100,0,8,12
boost_cpp_int,0,100,1,3,353.000000,0,0,0,0,0,0,0,0,0,0,0,0,0,0,0
schoolbook,0,100,1,4,13859.000000,10000,10000,199,0,0,0,0,0,0,0,0,0,0,0,0
karatsuba,0,100,1,4,19981.000000,7601,8051,295,201,4,3,0,0,0,0,0,0,1,0,0
chunked,3,100,1,4,9224.000000,0,1156,66,0,0,0,68,0,0,34,34,1156,0,0,0
chunked,4,100,1,4,5908.000000,0,625,49,0,0,0,50,0,0,25,25,625,0,0,0
chunked,5,100,1,4,5462.000000,0,400,39,0,0,0,40,0,0,20,20,400,0,0,0
chunked,6,100,1,4,4783.000000,0,289,33,0,0,0,34,0,0,17,17,289,0,0,0
chunked,7,100,1,4,4414.000000,0,225,28,0,0,0,30,0,0,15,15,225,0,0,0
chunked,8,100,1,4,4095.000000,0,169,24,0,0,0,26,0,0,13,13,169,0,0,0
chunked,9,100,1,4,4010.000000,0,144,22,0,0,0,24,0,0,12,12,144,0,0,0
chunked,10,100,1,4,4124.000000,0,100,19,0,0,0,20,0,0,10,10,100,0,0,0
parallel_chunked,3,100,1,4,7832.000000,1156,1156,66,0,0,0,0,0,1156,34,34,1156,0,1,1156
parallel_chunked,3,100,2,4,54897.000000,1156,1156,66,0,0,0,0,136,1156,34,34,1156,0,2,578
parallel_chunked,3,100,4,4,80035.000000,1156,1156,66,0,0,0,0,272,1156,34,34,1156,0,4,289
parallel_chunked,3,100,8,4,206691.000000,1156,1156,66,0,0,0,0,544,1156,34,34,1156,0,8,144
parallel_chunked,4,100,1,4,6726.000000,625,625,49,0,0,0,0,0,625,25,25,625,0,1,625
parallel_chunked,4,100,2,4,48223.000000,625,625,49,0,0,0,0,100,625,25,25,625,0,2,312
parallel_chunked,4,100,4,4,76138.000000,625,625,49,0,0,0,0,200,625,25,25,625,0,4,156
parallel_chunked,4,100,8,4,192543.000000,625,625,49,0,0,0,0,400,625,25,25,625,0,8,78
parallel_chunked,5,100,1,4,6121.000000,400,400,39,0,0,0,0,0,400,20,20,400,0,1,400
parallel_chunked,5,100,2,4,50569.000000,400,400,39,0,0,0,0,80,400,20,20,400,0,2,200
parallel_chunked,5,100,4,4,76642.000000,400,400,39,0,0,0,0,160,400,20,20,400,0,4,100
parallel_chunked,5,100,8,4,245515.000000,400,400,39,0,0,0,0,320,400,20,20,400,0,8,50
parallel_chunked,6,100,1,4,5545.000000,289,289,33,0,0,0,0,0,289,17,17,289,0,1,289
parallel_chunked,6,100,2,4,54276.000000,289,289,33,0,0,0,0,68,289,17,17,289,0,2,144
parallel_chunked,6,100,4,4,86095.000000,289,289,33,0,0,0,0,136,289,17,17,289,0,4,72
parallel_chunked,6,100,8,4,210691.000000,289,289,33,0,0,0,0,272,289,17,17,289,0,8,36
parallel_chunked,7,100,1,4,5319.000000,225,225,28,0,0,0,0,0,225,15,15,225,0,1,225
parallel_chunked,7,100,2,4,51785.000000,225,225,28,0,0,0,0,60,225,15,15,225,0,2,112
parallel_chunked,7,100,4,4,74316.000000,225,225,28,0,0,0,0,120,225,15,15,225,0,4,56
parallel_chunked,7,100,8,4,185241.000000,225,225,28,0,0,0,0,240,225,15,15,225,0,8,28
parallel_chunked,8,100,1,4,4823.000000,169,169,24,0,0,0,0,0,169,13,13,169,0,1,169
parallel_chunked,8,100,2,4,45929.000000,169,169,24,0,0,0,0,52,169,13,13,169,0,2,84
parallel_chunked,8,100,4,4,77115.000000,169,169,24,0,0,0,0,104,169,13,13,169,0,4,42
parallel_chunked,8,100,8,4,179153.000000,169,169,24,0,0,0,0,208,169,13,13,169,0,8,21
parallel_chunked,9,100,1,4,4822.000000,144,144,22,0,0,0,0,0,144,12,12,144,0,1,144
parallel_chunked,9,100,2,4,48262.000000,144,144,22,0,0,0,0,48,144,12,12,144,0,2,72
parallel_chunked,9,100,4,4,76203.000000,144,144,22,0,0,0,0,96,144,12,12,144,0,4,36
parallel_chunked,9,100,8,4,179416.000000,144,144,22,0,0,0,0,192,144,12,12,144,0,8,18
parallel_chunked,10,100,1,4,5172.000000,100,100,19,0,0,0,0,0,100,10,10,100,0,1,100
parallel_chunked,10,100,2,4,45834.000000,100,100,19,0,0,0,0,40,100,10,10,100,0,2,50
parallel_chunked,10,100,4,4,393179.000000,100,100,19,0,0,0,0,80,100,10,10,100,0,4,25
parallel_chunked,10,100,8,4,230466.000000,100,100,19,0,0,0,0,160,100,10,10,100,0,8,12
boost_cpp_int,0,100,1,4,441.000000,0,0,0,0,0,0,0,0,0,0,0,0,0,0,0
schoolbook,0,100,1,5,13818.000000,10000,10000,197,0,0,0,0,0,0,0,0,0,0,0,0
karatsuba,0,100,1,5,19226.000000,7550,7999,296,201,4,3,0,0,0,0,0,0,1,0,0
chunked,3,100,1,5,9480.000000,0,1156,66,0,0,0,68,0,0,34,34,1156,0,0,0
chunked,4,100,1,5,6477.000000,0,625,49,0,0,0,50,0,0,25,25,625,0,0,0
chunked,5,100,1,5,6996.000000,0,400,39,0,0,0,40,0,0,20,20,400,0,0,0
chunked,6,100,1,5,6321.000000,0,289,33,0,0,0,34,0,0,17,17,289,0,0,0
chunked,7,100,1,5,5956.000000,0,225,28,0,0,0,30,0,0,15,15,225,0,0,0
chunked,8,100,1,5,5663.000000,0,169,24,0,0,0,26,0,0,13,13,169,0,0,0
chunked,9,100,1,5,5168.000000,0,144,22,0,0,0,24,0,0,12,12,144,0,0,0
chunked,10,100,1,5,5101.000000,0,100,19,0,0,0,20,0,0,10,10,100,0,0,0
parallel_chunked,3,100,1,5,9660.000000,1156,1156,66,0,0,0,0,0,1156,34,34,1156,0,1,1156
parallel_chunked,3,100,2,5,51583.000000,1156,1156,66,0,0,0,0,136,1156,34,34,1156,0,2,578
parallel_chunked,3,100,4,5,79207.000000,1156,1156,66,0,0,0,0,272,1156,34,34,1156,0,4,289
parallel_chunked,3,100,8,5,205782.000000,1156,1156,66,0,0,0,0,544,1156,34,34,1156,0,8,144
parallel_chunked,4,100,1,5,6581.000000,625,625,49,0,0,0,0,0,625,25,25,625,0,1,625
parallel_chunked,4,100,2,5,48723.000000,625,625,49,0,0,0,0,100,625,25,25,625,0,2,312
parallel_chunked,4,100,4,5,75886.000000,625,625,49,0,0,0,0,200,625,25,25,625,0,4,156
parallel_chunked,4,100,8,5,178757.000000,625,625,49,0,0,0,0,400,625,25,25,625,0,8,78
parallel_chunked,5,100,1,5,5792.000000,400,400,39,0,0,0,0,0,400,20,20,400,0,1,400
parallel_chunked,5,100,2,5,45513.000000,400,400,39,0,0,0,0,80,400,20,20,400,0,2,200
parallel_chunked,5,100,4,5,72177.000000,400,400,39,0,0,0,0,160,400,20,20,400,0,4,100
parallel_chunked,5,100,8,5,174891.000000,400,400,39,0,0,0,0,320,400,20,20,400,0,8,50
parallel_chunked,6,100,1,5,5671.000000,289,289,33,0,0,0,0,0,289,17,17,289,0,1,289
parallel_chunked,6,100,2,5,47634.000000,289,289,33,0,0,0,0,68,289,17,17,289,0,2,144
parallel_chunked,6,100,4,5,73659.000000,289,289,33,0,0,0,0,136,289,17,17,289,0,4,72
parallel_chunked,6,100,8,5,173411.000000,289,289,33,0,0,0,0,272,289,17,17,289,0,8,36
parallel_chunked,7,100,1,5,5061.000000,225,225,28,0,0,0,0,0,225,15,15,225,0,1,225
parallel_chunked,7,100,2,5,46028.000000,225,225,28,0,0,0,0,60,225,15,15,225,0,2,112
parallel_chunked,7,100,4,5,70654.000000,225,225,28,0,0,0,0,120,225,15,15,225,0,4,56
parallel_chunked,7,100,8,5,171725.000000,225,225,28,0,0,0,0,240,225,15,15,225,0,8,28
parallel_chunked,8,100,1,5,4306.000000,169,169,24,0,0,0,0,0,169,13,13,169,0,1,169
parallel_chunked,8,100,2,5,45089.000000,169,169,24,0,0,0,0,52,169,13,13,169,0,2,84
parallel_chunked,8,100,4,5,72622.000000,169,169,24,0,0,0,0,104,169,13,13,169,0,4,42
parallel_chunked,8,100,8,5,166615.000000,169,169,24,0,0,0,0,208,169,13,13,169,0,8,21
parallel_chunked,9,100,1,5,4490.000000,144,144,22,0,0,0,0,0,144,12,12,144,0,1,144
parallel_chunked,9,100,2,5,44766.000000,144,144,22,0,0,0,0,48,144,12,12,144,0,2,72
parallel_chunked,9,100,4,5,72230.000000,144,144,22,0,0,0,0,96,144,12,12,144,0,4,36
parallel_chunked,9,100,8,5,164673.000000,144,144,22,0,0,0,0,192,144,12,12,144,0,8,18
parallel_chunked,10,100,1,5,4980.000000,100,100,19,0,0,0,0,0,100,10,10,100,0,1,100
parallel_chunked,10,100,2,5,46121.000000,100,100,19,0,0,0,0,40,100,10,10,100,0,2,50
parallel_chunked,10,100,4,5,71218.000000,100,100,19,0,0,0,0,80,100,10,10,100,0,4,25
parallel_chunked,10,100,8,5,167951.000000,100,100,19,0,0,0,0,160,100,10,10,100,0,8,12
boost_cpp_int,0,100,1,5,341.000000,0,0,0,0,0,0,0,0,0,0,0,0,0,0,0
schoolbook,0,500,1,1,296327.000000,250000,250000,997,0,0,0,0,0,0,0,0,0,0,0,0
karatsuba,0,500,1,1,267953.000000,106351,117054,3330,4765,40,27,0,0,0,0,0,0,3,0,0
chunked,3,500,1,1,66051.000000,0,27889,333,0,0,0,334,0,0,167,167,27889,0,0,0
chunked,4,500,1,1,39031.000000,0,15625,249,0,0,0,250,0,0,125,125,15625,0,0,0
chunked,5,500,1,1,29700.000000,0,10000,199,0,0,0,200,0,0,100,100,10000,0,0,0
chunked,6,500,1,1,24017.000000,0,7056,166,0,0,0,168,0,0,84,84,7056,0,0,0
chunked,7,500,1,1,19987.000000,0,5184,142,0,0,0,144,0,0,72,72,5184,0,0,0
chunked,8,500,1,1,16586.000000,0,3969,124,0,0,0,126,0,0,63,63,3969,0,0,0
chunked,9,500,1,1,15275.000000,0,3136,111,0,0,0,112,0,0,56,56,3136,0,0,0
chunked,10,500,1,1,15909.000000,0,2500,99,0,0,0,100,0,0,50,50,2500,0,0,0
parallel_chunked,3,500,1,1,64684.000000,27889,27889,333,0,0,0,0,0,27889,167,167,27889,0,1,27889
parallel_chunked,3,500,2,1,194850.000000,27889,27889,333,0,0,0,0,668,27889,167,167,27889,0,2,13944
parallel_chunked,3,500,4,1,105830.000000,27889,27889,333,0,0,0,0,1336,27889,167,167,27889,0,4,6972
parallel_chunked,3,500,8,1,223234.000000,27889,27889,333,0,0,0,0,2672,27889,167,167,27889,0,8,3486
parallel_chunked,4,500,1,1,41588.000000,15625,15625,249,0,0,0,0,0,15625,125,125,15625,0,1,15625
parallel_chunked,4,500,2,1,73563.000000,15625,15625,249,0,0,0,0,500,15625,125,125,15625,0,2,7812
parallel_chunked,4,500,4,1,91999.000000,15625,15625,249,0,0,0,0,1000,15625,125,125,15625,0,4,3906
parallel_chunked,4,500,8,1,191632.000000,15625,15625,249,0,0,0,0,2000,15625,125,125,15625,0,8,1953
parallel_chunked,5,500,1,1,30084.000000,10000,10000,199,0,0,0,0,0,10000,100,100,10000,0,1,10000
parallel_chunked,5,500,2,1,68220.000000,10000,10000,199,0,0,0,0,400,10000,100,100,10000,0,2,5000
parallel_chunked,5,500,4,1,84693.000000,10000,10000,199,0,0,0,0,800,10000,100,100,10000,0,4,2500
parallel_chunked,5,500,8,1,185191.000000,10000,10000,199,0,0,0,0,1600,10000,100,100,10000,0,8,1250
parallel_chunked,6,500,1,1,24443.000000,7056,7056,166,0,0,0,0,0,7056,84,84,7056,0,1,7056
parallel_chunked,6,500,2,1,62266.000000,7056,7056,166,0,0,0,0,336,7056,84,84,7056,0,2,3528
parallel_chunked,6,500,4,1,82291.000000,7056,7056,166,0,0,0,0,672,7056,84,84,7056,0,4,1764
parallel_chunked,6,500,8,1,182293.000000,7056,7056,166,0,0,0,0,1344,7056,84,84,7056,0,8,882
parallel_chunked,7,500,1,1,20526.000000,5184,5184,142,0,0,0,0,0,5184,72,72,5184,0,1,5184
parallel_chunked,7,500,2,1,59868.000000,5184,5184,142,0,0,0,0,288,5184,72,72,5184,0,2,2592
parallel_chunked,7,500,4,1,80691.000000,5184,5184,142,0,0,0,0,576,5184,72,72,5184,0,4,1296
parallel_chunked,7,500,8,1,178089.000000,5184,5184,142,0,0,0,0,1152,5184,72,72,5184,0,8,648
parallel_chunked,8,500,1,1,17778.000000,3969,3969,124,0,0,0,0,0,3969,63,63,3969,0,1,3969
parallel_chunked,8,500,2,1,57706.000000,3969,3969,124,0,0,0,0,252,3969,63,63,3969,0,2,1984
parallel_chunked,8,500,4,1,80216.000000,3969,3969,124,0,0,0,0,504,3969,63,63,3969,0,4,992
parallel_chunked,8,500,8,1,183814.000000,3969,3969,124,0,0,0,0,1008,3969,63,63,3969,0,8,496
parallel_chunked,9,500,1,1,15609.000000,3136,3136,111,0,0,0,0,0,3136,56,56,3136,0,1,3136
parallel_chunked,9,500,2,1,55486.000000,3136,3136,111,0,0,0,0,224,3136,56,56,3136,0,2,1568
parallel_chunked,9,500,4,1,79591.000000,3136,3136,111,0,0,0,0,448,3136,56,56,3136,0,4,784
parallel_chunked,9,500,8,1,191127.000000,3136,3136,111,0,0,0,0,896,3136,56,56,3136,0,8,392
parallel_chunked,10,500,1,1,16652.000000,2500,2500,99,0,0,0,0,0,2500,50,50,2500,0,1,2500
parallel_chunked,10,500,2,1,58883.000000,2500,2500,99,0,0,0,0,200,2500,50,50,2500,0,2,1250
parallel_chunked,10,500,4,1,82665.000000,2500,2500,99,0,0,0,0,400,2500,50,50,2500,0,4,625
parallel_chunked,10,500,8,1,187563.000000,2500,2500,99,0,0,0,0,800,2500,50,50,2500,0,8,312
boost_cpp_int,0,500,1,1,2077.000000,0,0,0,0,0,0,0,0,0,0,0,0,0,0,0
schoolbook,0,500,1,2,294054.000000,250000,250000,998,0,0,0,0,0,0,0,0,0,0,0,0
karatsuba,0,500,1,2,266452.000000,106162,116855,3334,4758,40,27,0,0,0,0,0,0,3,0,0
chunked,3,500,1,2,66837.000000,0,27889,333,0,0,0,334,0,0,167,167,27889,0,0,0
chunked,4,500,1,2,39488.000000,0,15625,249,0,0,0,250,0,0,125,125,15625,0,0,0
chunked,5,500,1,2,29843.000000,0,10000,199,0,0,0,200,0,0,100,100,10000,0,0,0
chunked,6,500,1,2,22789.000000,0,7056,166,0,0,0,168,0,0,84,84,7056,0,0,0
chunked,7,500,1,2,19779.000000,0,5184,142,0,0,0,144,0,0,72,72,5184,0,0,0
chunked,8,500,1,2,16757.000000,0,3969,124,0,0,0,126,0,0,63,63,3969,0,0,0
chunked,9,500,1,2,14843.000000,0,3136,111,0,0,0,112,0,0,56,56,3136,0,0,0
chunked,10,500,1,2,15956.000000,0,2500,99,0,0,0,100,0,0,50,50,2500,0,0,0
parallel_chunked,3,500,1,2,63354.000000,27889,27889,333,0,0,0,0,0,27889,167,167,27889,0,1,27889
parallel_chunked,3,500,2,2,84697.000000,27889,27889,333,0,0,0,0,668,27889,167,167,27889,0,2,13944
parallel_chunked,3,500,4,2,220114.000000,27889,27889,333,0,0,0,0,1336,27889,167,167,27889,0,4,6972
parallel_chunked,3,500,8,2,250997.000000,27889,27889,333,0,0,0,0,2672,27889,167,167,27889,0,8,3486
parallel_chunked,4,500,1,2,40779.000000,15625,15625,249,0,0,0,0,0,15625,125,125,15625,0,1,15625
parallel_chunked,4,500,2,2,79678.000000,15625,15625,249,0,0,0,0,500,15625,125,125,15625,0,2,7812
parallel_chunked,4,500,4,2,120604.000000,15625,15625,249,0,0,0,0,1000,15625,125,125,15625,0,4,3906
parallel_chunked,4,500,8,2,204743.000000,15625,15625,249,0,0,0,0,2000,15625,125,125,15625,0,8,1953
parallel_chunked,5,500,1,2,30640.000000,10000,10000,199,0,0,0,0,0,10000,100,100,10000,0,1,10000
parallel_chunked,5,500,2,2,66169.000000,10000,10000,199,0,0,0,0,400,10000,100,100,10000,0,2,5000
parallel_chunked,5,500,4,2,84707.000000,10000,10000,199,0,0,0,0,800,10000,100,100,10000,0,4,2500
parallel_chunked,5,500,8,2,193159.000000,10000,10000,199,0,0,0,0,1600,10000,100,100,10000,0,8,1250
parallel_chunked,6,500,1,2,27727.000000,7056,7056,166,0,0,0,0,0,7056,84,84,7056,0,1,7056
parallel_chunked,6,500,2,2,70305.000000,7056,7056,166,0,0,0,0,336,7056,84,84,7056,0,2,3528
parallel_chunked,6,500,4,2,91144.000000,7056,7056,166,0,0,0,0,672,7056,84,84,7056,0,4,1764
parallel_chunked,6,500,8,2,209652.000000,7056,7056,166,0,0,0,0,1344,7056,84,84,7056,0,8,882
parallel_chunked,7,500,1,2,23132.000000,5184,5184,142,0,0,0,0,0,5184,72,72,5184,0,1,5184
parallel_chunked,7,500,2,2,64355.000000,5184,5184,142,0,0,0,0,288,5184,72,72,5184,0,2,2592
parallel_chunked,7,500,4,2,93344.000000,5184,5184,142,0,0,0,0,576,5184,72,72,5184,0,4,1296
parallel_chunked,7,500,8,2,233486.000000,5184,5184,142,0,0,0,0,1152,5184,72,72,5184,0,8,648
parallel_chunked,8,500,1,2,17804.000000,3969,3969,124,0,0,0,0,0,3969,63,63,3969,0,1,3969
parallel_chunked,8,500,2,2,65130.000000,3969,3969,124,0,0,0,0,252,3969,63,63,3969,0,2,1984
parallel_chunked,8,500,4,2,88160.000000,3969,3969,124,0,0,0,0,504,3969,63,63,3969,0,4,992
parallel_chunked,8,500,8,2,218954.000000,3969,3969,124,0,0,0,0,1008,3969,63,63,3969,0,8,496
parallel_chunked,9,500,1,2,16032.000000,3136,3136,111,0,0,0,0,0,3136,56,56,3136,0,1,3136
parallel_chunked,9,500,2,2,57602.000000,3136,3136,111,0,0,0,0,224,3136,56,56,3136,0,2,1568
parallel_chunked,9,500,4,2,81245.000000,3136,3136,111,0,0,0,0,448,3136,56,56,3136,0,4,784
parallel_chunked,9,500,8,2,215641.000000,3136,3136,111,0,0,0,0,896,3136,56,56,3136,0,8,392
parallel_chunked,10,500,1,2,16923.000000,2500,2500,99,0,0,0,0,0,2500,50,50,2500,0,1,2500
parallel_chunked,10,500,2,2,61602.000000,2500,2500,99,0,0,0,0,200,2500,50,50,2500,0,2,1250
parallel_chunked,10,500,4,2,82771.000000,2500,2500,99,0,0,0,0,400,2500,50,50,2500,0,4,625
parallel_chunked,10,500,8,2,215666.000000,2500,2500,99,0,0,0,0,800,2500,50,50,2500,0,8,312
boost_cpp_int,0,500,1,2,2114.000000,0,0,0,0,0,0,0,0,0,0,0,0,0,0,0
schoolbook,0,500,1,3,293903.000000,250000,250000,999,0,0,0,0,0,0,0,0,0,0,0,0
karatsuba,0,500,1,3,288908.000000,105536,116217,3318,4755,40,27,0,0,0,0,0,0,3,0,0
chunked,3,500,1,3,64211.000000,0,27889,333,0,0,0,334,0,0,167,167,27889,0,0,0
chunked,4,500,1,3,39392.000000,0,15625,249,0,0,0,250,0,0,125,125,15625,0,0,0
chunked,5,500,1,3,30024.000000,0,10000,199,0,0,0,200,0,0,100,100,10000,0,0,0
chunked,6,500,1,3,23425.000000,0,7056,166,0,0,0,168,0,0,84,84,7056,0,0,0
chunked,7,500,1,3,19668.000000,0,5184,142,0,0,0,144,0,0,72,72,5184,0,0,0
chunked,8,500,1,3,33561.000000,0,3969,124,0,0,0,126,0,0,63,63,3969,0,0,0
chunked,9,500,1,3,20241.000000,0,3136,111,0,0,0,112,0,0,56,56,3136,0,0,0
chunked,10,500,1,3,20320.000000,0,2500,99,0,0,0,100,0,0,50,50,2500,0,0,0
parallel_chunked,3,500,1,3,88003.000000,27889,27889,333,0,0,0,0,0,27889,167,167,27889,0,1,27889
parallel_chunked,3,500,2,3,153627.000000,27889,27889,333,0,0,0,0,668,27889,167,167,27889,0,2,13944
parallel_chunked,3,500,4,3,167560.000000,27889,27889,333,0,0,0,0,1336,27889,167,167,27889,0,4,6972
parallel_chunked,3,500,8,3,311620.000000,27889,27889,333,0,0,0,0,2672,27889,167,167,27889,0,8,3486
parallel_chunked,4,500,1,3,51914.000000,15625,15625,249,0,0,0,0,0,15625,125,125,15625,0,1,15625
parallel_chunked,4,500,2,3,81710.000000,15625,15625,249,0,0,0,0,500,15625,125,125,15625,0,2,7812
parallel_chunked,4,500,4,3,109898.000000,15625,15625,249,0,0,0,0,1000,15625,125,125,15625,0,4,3906
parallel_chunked,4,500,8,3,248092.000000,15625,15625,249,0,0,0,0,2000,15625,125,125,15625,0,8,1953
parallel_chunked,5,500,1,3,27059.000000,10000,10000,199,0,0,0,0,0,10000,100,100,10000,0,1,10000
parallel_chunked,5,500,2,3,64082.000000,10000,10000,199,0,0,0,0,400,10000,100,100,10000,0,2,5000
parallel_chunked,5,500,4,3,97132.000000,10000,10000,199,0,0,0,0,800,10000,100,100,10000,0,4,2500
parallel_chunked,5,500,8,3,238804.000000,10000,10000,199,0,0,0,0,1600,10000,100,100,10000,0,8,1250
parallel_chunked,6,500,1,3,35735.000000,7056,7056,166,0,0,0,0,0,7056,84,84,7056,0,1,7056
parallel_chunked,6,500,2,3,71269.000000,7056,7056,166,0,0,0,0,336,7056,84,84,7056,0,2,3528
parallel_chunked,6,500,4,3,96643.000000,7056,7056,166,0,0,0,0,672,7056,84,84,7056,0,4,1764
parallel_chunked,6,500,8,3,250644.000000,7056,7056,166,0,0,0,0,1344,7056,84,84,7056,0,8,882
parallel_chunked,7,500,1,3,26319.000000,5184,5184,142,0,0,0,0,0,5184,72,72,5184,0,1,5184
parallel_chunked,7,500,2,3,76928.000000,5184,5184,142,0,0,0,0,288,5184,72,72,5184,0,2,2592
parallel_chunked,7,500,4,3,90341.000000,5184,5184,142,0,0,0,0,576,5184,72,72,5184,0,4,1296
parallel_chunked,7,500,8,3,227222.000000,5184,5184,142,0,0,0,0,1152,5184,72,72,5184,0,8,648
parallel_chunked,8,500,1,3,17593.000000,3969,3969,124,0,0,0,0,0,3969,63,63,3969,0,1,3969
parallel_chunked,8,500,2,3,93227.000000,3969,3969,124,0,0,0,0,252,3969,63,63,3969,0,2,1984
parallel_chunked,8,500,4,3,90232.000000,3969,3969,124,0,0,0,0,504,3969,63,63,3969,0,4,992
parallel_chunked,8,500,8,3,252794.000000,3969,3969,124,0,0,0,0,1008,3969,63,63,3969,0,8,496
parallel_chunked,9,500,1,3,20095.000000,3136,3136,111,0,0,0,0,0,3136,56,56,3136,0,1,3136
parallel_chunked,9,500,2,3,81512.000000,3136,3136,111,0,0,0,0,224,3136,56,56,3136,0,2,1568
parallel_chunked,9,500,4,3,91876.000000,3136,3136,111,0,0,0,0,448,3136,56,56,3136,0,4,784
parallel_chunked,9,500,8,3,260363.000000,3136,3136,111,0,0,0,0,896,3136,56,56,3136,0,8,392
parallel_chunked,10,500,1,3,17051.000000,2500,2500,99,0,0,0,0,0,2500,50,50,2500,0,1,2500
parallel_chunked,10,500,2,3,60996.000000,2500,2500,99,0,0,0,0,200,2500,50,50,2500,0,2,1250
parallel_chunked,10,500,4,3,92494.000000,2500,2500,99,0,0,0,0,400,2500,50,50,2500,0,4,625
parallel_chunked,10,500,8,3,249995.000000,2500,2500,99,0,0,0,0,800,2500,50,50,2500,0,8,312
boost_cpp_int,0,500,1,3,2091.000000,0,0,0,0,0,0,0,0,0,0,0,0,0,0,0
schoolbook,0,500,1,4,352401.000000,250000,250000,999,0,0,0,0,0,0,0,0,0,0,0,0
karatsuba,0,500,1,4,289403.000000,106162,116867,3329,4766,40,27,0,0,0,0,0,0,3,0,0
chunked,3,500,1,4,63823.000000,0,27889,333,0,0,0,334,0,0,167,167,27889,0,0,0
chunked,4,500,1,4,39472.000000,0,15625,249,0,0,0,250,0,0,125,125,15625,0,0,0
chunked,5,500,1,4,28470.000000,0,10000,199,0,0,0,200,0,0,100,100,10000,0,0,0
chunked,6,500,1,4,22720.000000,0,7056,166,0,0,0,168,0,0,84,84,7056,0,0,0
chunked,7,500,1,4,19798.000000,0,5184,142,0,0,0,144,0,0,72,72,5184,0,0,0
chunked,8,500,1,4,16569.000000,0,3969,124,0,0,0,126,0,0,63,63,3969,0,0,0
chunked,9,500,1,4,14858.000000,0,3136,111,0,0,0,112,0,0,56,56,3136,0,0,0
chunked,10,500,1,4,15835.000000,0,2500,99,0,0,0,100,0,0,50,50,2500,0,0,0
parallel_chunked,3,500,1,4,64511.000000,27889,27889,333,0,0,0,0,0,27889,167,167,27889,0,1,27889
parallel_chunked,3,500,2,4,92556.000000,27889,27889,333,0,0,0,0,668,27889,167,167,27889,0,2,13944
parallel_chunked,3,500,4,4,109513.000000,27889,27889,333,0,0,0,0,1336,27889,167,167,27889,0,4,6972
parallel_chunked,3,500,8,4,249094.000000,27889,27889,333,0,0,0,0,2672,27889,167,167,27889,0,8,3486
parallel_chunked,4,500,1,4,41280.000000,15625,15625,249,0,0,0,0,0,15625,125,125,15625,0,1,15625
parallel_chunked,4,500,2,4,76466.000000,15625,15625,249,0,0,0,0,500,15625,125,125,15625,0,2,7812
parallel_chunked,4,500,4,4,95037.000000,15625,15625,249,0,0,0,0,1000,15625,125,125,15625,0,4,3906
parallel_chunked,4,500,8,4,208087.000000,15625,15625,249,0,0,0,0,2000,15625,125,125,15625,0,8,1953
parallel_chunked,5,500,1,4,30542.000000,10000,10000,199,0,0,0,0,0,10000,100,100,10000,0,1,10000
parallel_chunked,5,500,2,4,74278.000000,10000,10000,199,0,0,0,0,400,10000,100,100,10000,0,2,5000
parallel_chunked,5,500,4,4,92286.000000,10000,10000,199,0,0,0,0,800,10000,100,100,10000,0,4,2500
parallel_chunked,5,500,8,4,236275.000000,10000,10000,199,0,0,0,0,1600,10000,100,100,10000,0,8,1250
parallel_chunked,6,500,1,4,24730.000000,7056,7056,166,0,0,0,0,0,7056,84,84,7056,0,1,7056
parallel_chunked,6,500,2,4,71968.000000,7056,7056,166,0,0,0,0,336,7056,84,84,7056,0,2,3528
parallel_chunked,6,500,4,4,85307.000000,7056,7056,166,0,0,0,0,672,7056,84,84,7056,0,4,1764
parallel_chunked,6,500,8,4,235523.000000,7056,7056,166,0,0,0,0,1344,7056,84,84,7056,0,8,882
parallel_chunked,7,500,1,4,20569.000000,5184,5184,142,0,0,0,0,0,5184,72,72,5184,0,1,5184
parallel_chunked,7,500,2,4,67136.000000,5184,5184,142,0,0,0,0,288,5184,72,72,5184,0,2,2592
parallel_chunked,7,500,4,4,91376.000000,5184,5184,142,0,0,0,0,576,5184,72,72,5184,0,4,1296
parallel_chunked,7,500,8,4,264453.000000,5184,5184,142,0,0,0,0,1152,5184,72,72,5184,0,8,648
parallel_chunked,8,500,1,4,23839.000000,3969,3969,124,0,0,0,0,0,3969,63,63,3969,0,1,3969
parallel_chunked,8,500,2,4,67445.000000,3969,3969,124,0,0,0,0,252,3969,63,63,3969,0,2,1984
parallel_chunked,8,500,4,4,92301.000000,3969,3969,124,0,0,0,0,504,3969,63,63,3969,0,4,992
parallel_chunked,8,500,8,4,241000.000000,3969,3969,124,0,0,0,0,1008,3969,63,63,3969,0,8,496
parallel_chunked,9,500,1,4,20882.000000,3136,3136,111,0,0,0,0,0,3136,56,56,3136,0,1,3136
parallel_chunked,9,500,2,4,70855.000000,3136,3136,111,0,0,0,0,224,3136,56,56,3136,0,2,1568
parallel_chunked,9,500,4,4,91238.000000,3136,3136,111,0,0,0,0,448,3136,56,56,3136,0,4,784
parallel_chunked,9,500,8,4,285244.000000,3136,3136,111,0,0,0,0,896,3136,56,56,3136,0,8,392
parallel_chunked,10,500,1,4,17196.000000,2500,2500,99,0,0,0,0,0,2500,50,50,2500,0,1,2500
parallel_chunked,10,500,2,4,89655.000000,2500,2500,99,0,0,0,0,200,2500,50,50,2500,0,2,1250
parallel_chunked,10,500,4,4,93960.000000,2500,2500,99,0,0,0,0,400,2500,50,50,2500,0,4,625
parallel_chunked,10,500,8,4,256302.000000,2500,2500,99,0,0,0,0,800,2500,50,50,2500,0,8,312
boost_cpp_int,0,500,1,4,2113.000000,0,0,0,0,0,0,0,0,0,0,0,0,0,0,0
schoolbook,0,500,1,5,310913.000000,250000,250000,997,0,0,0,0,0,0,0,0,0,0,0,0
karatsuba,0,500,1,5,277331.000000,106413,117114,3336,4766,40,27,0,0,0,0,0,0,3,0,0
chunked,3,500,1,5,68553.000000,0,27889,332,0,0,0,334,0,0,167,167,27889,0,0,0
chunked,4,500,1,5,41952.000000,0,15625,249,0,0,0,250,0,0,125,125,15625,0,0,0
chunked,5,500,1,5,31272.000000,0,10000,199,0,0,0,200,0,0,100,100,10000,0,0,0
chunked,6,500,1,5,24431.000000,0,7056,166,0,0,0,168,0,0,84,84,7056,0,0,0
chunked,7,500,1,5,20073.000000,0,5184,142,0,0,0,144,0,0,72,72,5184,0,0,0
chunked,8,500,1,5,16987.000000,0,3969,124,0,0,0,126,0,0,63,63,3969,0,0,0
chunked,9,500,1,5,15244.000000,0,3136,110,0,0,0,112,0,0,56,56,3136,0,0,0
chunked,10,500,1,5,17208.000000,0,2500,99,0,0,0,100,0,0,50,50,2500,0,0,0
parallel_chunked,3,500,1,5,66244.000000,27889,27889,332,0,0,0,0,0,27889,167,167,27889,0,1,27889
parallel_chunked,3,500,2,5,127070.000000,27889,27889,332,0,0,0,0,668,27889,167,167,27889,0,2,13944
parallel_chunked,3,500,4,5,177393.000000,27889,27889,332,0,0,0,0,1336,27889,167,167,27889,0,4,6972
parallel_chunked,3,500,8,5,236439.000000,27889,27889,332,0,0,0,0,2672,27889,167,167,27889,0,8,3486
parallel_chunked,4,500,1,5,40965.000000,15625,15625,249,0,0,0,0,0,15625,125,125,15625,0,1,15625
parallel_chunked,4,500,2,5,75082.000000,15625,15625,249,0,0,0,0,500,15625,125,125,15625,0,2,7812
parallel_chunked,4,500,4,5,93517.000000,15625,15625,249,0,0,0,0,1000,15625,125,125,15625,0,4,3906
parallel_chunked,4,500,8,5,196856.000000,15625,15625,249,0,0,0,0,2000,15625,125,125,15625,0,8,1953
parallel_chunked,5,500,1,5,30436.000000,10000,10000,199,0,0,0,0,0,10000,100,100,10000,0,1,10000
parallel_chunked,5,500,2,5,72069.000000,10000,10000,199,0,0,0,0,400,10000,100,100,10000,0,2,5000
parallel_chunked,5,500,4,5,98872.000000,10000,10000,199,0,0,0,0,800,10000,100,100,10000,0,4,2500
parallel_chunked,5,500,8,5,221551.000000,10000,10000,199,0,0,0,0,1600,10000,100,100,10000,0,8,1250
parallel_chunked,6,500,1,5,24406.000000,7056,7056,166,0,0,0,0,0,7056,84,84,7056,0,1,7056
parallel_chunked,6,500,2,5,64970.000000,7056,7056,166,0,0,0,0,336,7056,84,84,7056,0,2,3528
parallel_chunked,6,500,4,5,86722.000000,7056,7056,166,0,0,0,0,672,7056,84,84,7056,0,4,1764
parallel_chunked,6,500,8,5,188546.000000,7056,7056,166,0,0,0,0,1344,7056,84,84,7056,0,8,882
parallel_chunked,7,500,1,5,20332.000000,5184,5184,142,0,0,0,0,0,5184,72,72,5184,0,1,5184
parallel_chunked,7,500,2,5,59797.000000,5184,5184,142,0,0,0,0,288,5184,72,72,5184,0,2,2592
parallel_chunked,7,500,4,5,80545.000000,5184,5184,142,0,0,0,0,576,5184,72,72,5184,0,4,1296
parallel_chunked,7,500,8,5,188753.000000,5184,5184,142,0,0,0,0,1152,5184,72,72,5184,0,8,648
parallel_chunked,8,500,1,5,17166.000000,3969,3969,124,0,0,0,0,0,3969,63,63,3969,0,1,3969
parallel_chunked,8,500,2,5,59779.000000,3969,3969,124,0,0,0,0,252,3969,63,63,3969,0,2,1984
parallel_chunked,8,500,4,5,114507.000000,3969,3969,124,0,0,0,0,504,3969,63,63,3969,0,4,992
parallel_chunked,8,500,8,5,193415.000000,3969,3969,124,0,0,0,0,1008,3969,63,63,3969,0,8,496
parallel_chunked,9,500,1,5,15642.000000,3136,3136,110,0,0,0,0,0,3136,56,56,3136,0,1,3136
parallel_chunked,9,500,2,5,56166.000000,3136,3136,110,0,0,0,0,224,3136,56,56,3136,0,2,1568
parallel_chunked,9,500,4,5,78954.000000,3136,3136,110,0,0,0,0,448,3136,56,56,3136,0,4,784
parallel_chunked,9,500,8,5,225809.000000,3136,3136,110,0,0,0,0,896,3136,56,56,3136,0,8,392
parallel_chunked,10,500,1,5,16471.000000,2500,2500,99,0,0,0,0,0,2500,50,50,2500,0,1,2500
parallel_chunked,10,500,2,5,58102.000000,2500,2500,99,0,0,0,0,200,2500,50,50,2500,0,2,1250
parallel_chunked,10,500,4,5,83016.000000,2500,2500,99,0,0,0,0,400,2500,50,50,2500,0,4,625
parallel_chunked,10,500,8,5,177752.000000,2500,2500,99,0,0,0,0,800,2500,50,50,2500,0,8,312
boost_cpp_int,0,500,1,5,2113.000000,0,0,0,0,0,0,0,0,0,0,0,0,0,0,0
schoolbook,0,1000,1,1,1181240.000000,1000000,1000000,1999,0,0,0,0,0,0,0,0,0,0,0,0
karatsuba,0,1000,1,1,850750.000000,319427,356046,9990,16300,121,81,0,0,0,0,0,0,4,0,0
chunked,3,1000,1,1,226831.000000,0,111556,666,0,0,0,668,0,0,334,334,111556,0,0,0
chunked,4,1000,1,1,134249.000000,0,62500,499,0,0,0,500,0,0,250,250,62500,0,0,0
chunked,5,1000,1,1,92700.000000,0,40000,399,0,0,0,400,0,0,200,200,40000,0,0,0
chunked,6,1000,1,1,65843.000000,0,27889,333,0,0,0,334,0,0,167,167,27889,0,0,0
chunked,7,1000,1,1,54097.000000,0,20449,285,0,0,0,286,0,0,143,143,20449,0,0,0
chunked,8,1000,1,1,42672.000000,0,15625,249,0,0,0,250,0,0,125,125,15625,0,0,0
chunked,9,1000,1,1,39030.000000,0,12544,222,0,0,0,224,0,0,112,112,12544,0,0,0
chunked,10,1000,1,1,36658.000000,0,10000,199,0,0,0,200,0,0,100,100,10000,0,0,0
parallel_chunked,3,1000,1,1,221334.000000,111556,111556,666,0,0,0,0,0,111556,334,334,111556,0,1,111556
parallel_chunked,3,1000,2,1,153340.000000,111556,111556,666,0,0,0,0,1336,111556,334,334,111556,0,2,55778
parallel_chunked,3,1000,4,1,175747.000000,111556,111556,666,0,0,0,0,2672,111556,334,334,111556,0,4,27889
parallel_chunked,3,1000,8,1,325267.000000,111556,111556,666,0,0,0,0,5344,111556,334,334,111556,0,8,13944
parallel_chunked,4,1000,1,1,125465.000000,62500,62500,499,0,0,0,0,0,62500,250,250,62500,0,1,62500
parallel_chunked,4,1000,2,1,110677.000000,62500,62500,499,0,0,0,0,1000,62500,250,250,62500,0,2,31250
parallel_chunked,4,1000,4,1,125703.000000,62500,62500,499,0,0,0,0,2000,62500,250,250,62500,0,4,15625
parallel_chunked,4,1000,8,1,235163.000000,62500,62500,499,0,0,0,0,4000,62500,250,250,62500,0,8,7812
parallel_chunked,5,1000,1,1,89858.000000,40000,40000,399,0,0,0,0,0,40000,200,200,40000,0,1,40000
parallel_chunked,5,1000,2,1,95530.000000,40000,40000,399,0,0,0,0,800,40000,200,200,40000,0,2,20000
parallel_chunked,5,1000,4,1,108930.000000,40000,40000,399,0,0,0,0,1600,40000,200,200,40000,0,4,10000
parallel_chunked,5,1000,8,1,221535.000000,40000,40000,399,0,0,0,0,3200,40000,200,200,40000,0,8,5000
parallel_chunked,6,1000,1,1,68255.000000,27889,27889,333,0,0,0,0,0,27889,167,167,27889,0,1,27889
parallel_chunked,6,1000,2,1,85971.000000,27889,27889,333,0,0,0,0,668,27889,167,167,27889,0,2,13944
parallel_chunked,6,1000,4,1,101345.000000,27889,27889,333,0,0,0,0,1336,27889,167,167,27889,0,4,6972
parallel_chunked,6,1000,8,1,204162.000000,27889,27889,333,0,0,0,0,2672,27889,167,167,27889,0,8,3486
parallel_chunked,7,1000,1,1,53510.000000,20449,20449,285,0,0,0,0,0,20449,143,143,20449,0,1,20449
parallel_chunked,7,1000,2,1,79694.000000,20449,20449,285,0,0,0,0,572,20449,143,143,20449,0,2,10224
parallel_chunked,7,1000,4,1,95211.000000,20449,20449,285,0,0,0,0,1144,20449,143,143,20449,0,4,5112
parallel_chunked,7,1000,8,1,198095.000000,20449,20449,285,0,0,0,0,2288,20449,143,143,20449,0,8,2556
parallel_chunked,8,1000,1,1,43915.000000,15625,15625,249,0,0,0,0,0,15625,125,125,15625,0,1,15625
parallel_chunked,8,1000,2,1,75936.000000,15625,15625,249,0,0,0,0,500,15625,125,125,15625,0,2,7812
parallel_chunked,8,1000,4,1,92947.000000,15625,15625,249,0,0,0,0,1000,15625,125,125,15625,0,4,3906
parallel_chunked,8,1000,8,1,202180.000000,15625,15625,249,0,0,0,0,2000,15625,125,125,15625,0,8,1953
parallel_chunked,9,1000,1,1,39984.000000,12544,12544,222,0,0,0,0,0,12544,112,112,12544,0,1,12544
parallel_chunked,9,1000,2,1,73288.000000,12544,12544,222,0,0,0,0,448,12544,112,112,12544,0,2,6272
parallel_chunked,9,1000,4,1,90518.000000,12544,12544,222,0,0,0,0,896,12544,112,112,12544,0,4,3136
parallel_chunked,9,1000,8,1,195322.000000,12544,12544,222,0,0,0,0,1792,12544,112,112,12544,0,8,1568
parallel_chunked,10,1000,1,1,38131.000000,10000,10000,199,0,0,0,0,0,10000,100,100,10000,0,1,10000
parallel_chunked,10,1000,2,1,74551.000000,10000,10000,199,0,0,0,0,400,10000,100,100,10000,0,2,5000
parallel_chunked,10,1000,4,1,93173.000000,10000,10000,199,0,0,0,0,800,10000,100,100,10000,0,4,2500
parallel_chunked,10,1000,8,1,195371.000000,10000,10000,199,0,0,0,0,1600,10000,100,100,10000,0,8,1250
boost_cpp_int,0,1000,1,1,7320.000000,0,0,0,0,0,0,0,0,0,0,0,0,0,0,0
schoolbook,0,1000,1,2,1298283.000000,1000000,1000000,1995,0,0,0,0,0,0,0,0,0,0,0,0
karatsuba,0,1000,1,2,830917.000000,317985,354564,9992,16284,121,81,0,0,0,0,0,0,4,0,0
chunked,3,1000,1,2,225855.000000,0,111556,664,0,0,0,668,0,0,334,334,111556,0,0,0
chunked,4,1000,1,2,133323.000000,0,62500,499,0,0,0,500,0,0,250,250,62500,0,0,0
chunked,5,1000,1,2,87407.000000,0,40000,399,0,0,0,400,0,0,200,200,40000,0,0,0
chunked,6,1000,1,2,69012.000000,0,27889,333,0,0,0,334,0,0,167,167,27889,0,0,0
chunked,7,1000,1,2,52042.000000,0,20449,285,0,0,0,286,0,0,143,143,20449,0,0,0
chunked,8,1000,1,2,42362.000000,0,15625,249,0,0,0,250,0,0,125,125,15625,0,0,0
chunked,9,1000,1,2,38437.000000,0,12544,221,0,0,0,224,0,0,112,112,12544,0,0,0
chunked,10,1000,1,2,37890.000000,0,10000,199,0,0,0,200,0,0,100,100,10000,0,0,0
parallel_chunked,3,1000,1,2,221030.000000,111556,111556,664,0,0,0,0,0,111556,334,334,111556,0,1,111556
parallel_chunked,3,1000,2,2,156546.000000,111556,111556,664,0,0,0,0,1336,111556,334,334,111556,0,2,55778
parallel_chunked,3,1000,4,2,194918.000000,111556,111556,664,0,0,0,0,2672,111556,334,334,111556,0,4,27889
parallel_chunked,3,1000,8,2,256016.000000,111556,111556,664,0,0,0,0,5344,111556,334,334,111556,0,8,13944
parallel_chunked,4,1000,1,2,124999.000000,62500,62500,499,0,0,0,0,0,62500,250,250,62500,0,1,62500
parallel_chunked,4,1000,2,2,115698.000000,62500,62500,499,0,0,0,0,1000,62500,250,250,62500,0,2,31250
parallel_chunked,4,1000,4,2,127550.000000,62500,62500,499,0,0,0,0,2000,62500,250,250,62500,0,4,15625
parallel_chunked,4,1000,8,2,240813.000000,62500,62500,499,0,0,0,0,4000,62500,250,250,62500,0,8,7812
parallel_chunked,5,1000,1,2,110719.000000,40000,40000,399,0,0,0,0,0,40000,200,200,40000,0,1,40000
parallel_chunked,5,1000,2,2,102483.000000,40000,40000,399,0,0,0,0,800,40000,200,200,40000,0,2,20000
parallel_chunked,5,1000,4,2,313305.000000,40000,40000,399,0,0,0,0,1600,40000,200,200,40000,0,4,10000
parallel_chunked,5,1000,8,2,211011.000000,40000,40000,399,0,0,0,0,3200,40000,200,200,40000,0,8,5000
parallel_chunked,6,1000,1,2,68507.000000,27889,27889,333,0,0,0,0,0,27889,167,167,27889,0,1,27889
parallel_chunked,6,1000,2,2,86396.000000,27889,27889,333,0,0,0,0,668,27889,167,167,27889,0,2,13944
parallel_chunked,6,1000,4,2,101314.000000,27889,27889,333,0,0,0,0,1336,27889,167,167,27889,0,4,6972
parallel_chunked,6,1000,8,2,205969.000000,27889,27889,333,0,0,0,0,2672,27889,167,167,27889,0,8,3486
parallel_chunked,7,1000,1,2,54363.000000,20449,20449,285,0,0,0,0,0,20449,143,143,20449,0,1,20449
parallel_chunked,7,1000,2,2,79657.000000,20449,20449,285,0,0,0,0,572,20449,143,143,20449,0,2,10224
parallel_chunked,7,1000,4,2,107534.000000,20449,20449,285,0,0,0,0,1144,20449,143,143,20449,0,4,5112
parallel_chunked,7,1000,8,2,207049.000000,20449,20449,285,0,0,0,0,2288,20449,143,143,20449,0,8,2556
parallel_chunked,8,1000,1,2,44310.000000,15625,15625,249,0,0,0,0,0,15625,125,125,15625,0,1,15625
parallel_chunked,8,1000,2,2,74489.000000,15625,15625,249,0,0,0,0,500,15625,125,125,15625,0,2,7812
parallel_chunked,8,1000,4,2,93316.000000,15625,15625,249,0,0,0,0,1000,15625,125,125,15625,0,4,3906
parallel_chunked,8,1000,8,2,201706.000000,15625,15625,249,0,0,0,0,2000,15625,125,125,15625,0,8,1953
parallel_chunked,9,1000,1,2,40135.000000,12544,12544,221,0,0,0,0,0,12544,112,112,12544,0,1,12544
parallel_chunked,9,1000,2,2,73682.000000,12544,12544,221,0,0,0,0,448,12544,112,112,12544,0,2,6272
parallel_chunked,9,1000,4,2,92199.000000,12544,12544,221,0,0,0,0,896,12544,112,112,12544,0,4,3136
parallel_chunked,9,1000,8,2,192078.000000,12544,12544,221,0,0,0,0,1792,12544,112,112,12544,0,8,1568
parallel_chunked,10,1000,1,2,37960.000000,10000,10000,199,0,0,0,0,0,10000,100,100,10000,0,1,10000
parallel_chunked,10,1000,2,2,73075.000000,10000,10000,199,0,0,0,0,400,10000,100,100,10000,0,2,5000
parallel_chunked,10,1000,4,2,92004.000000,10000,10000,199,0,0,0,0,800,10000,100,100,10000,0,4,2500
parallel_chunked,10,1000,8,2,190805.000000,10000,10000,199,0,0,0,0,1600,10000,100,100,10000,0,8,1250
boost_cpp_int,0,1000,1,2,7280.000000,0,0,0,0,0,0,0,0,0,0,0,0,0,0,0
schoolbook,0,1000,1,3,1182656.000000,1000000,1000000,1997,0,0,0,0,0,0,0,0,0,0,0,0
karatsuba,0,1000,1,3,844025.000000,318673,355273,10013,16292,121,81,0,0,0,0,0,0,4,0,0
chunked,3,1000,1,3,231118.000000,0,111556,666,0,0,0,668,0,0,334,334,111556,0,0,0
chunked,4,1000,1,3,135274.000000,0,62500,499,0,0,0,500,0,0,250,250,62500,0,0,0
chunked,5,1000,1,3,88429.000000,0,40000,399,0,0,0,400,0,0,200,200,40000,0,0,0
chunked,6,1000,1,3,65421.000000,0,27889,333,0,0,0,334,0,0,167,167,27889,0,0,0
chunked,7,1000,1,3,53529.000000,0,20449,285,0,0,0,286,0,0,143,143,20449,0,0,0
chunked,8,1000,1,3,43954.000000,0,15625,249,0,0,0,250,0,0,125,125,15625,0,0,0
chunked,9,1000,1,3,38911.000000,0,12544,222,0,0,0,224,0,0,112,112,12544,0,0,0
chunked,10,1000,1,3,37380.000000,0,10000,199,0,0,0,200,0,0,100,100,10000,0,0,0
parallel_chunked,3,1000,1,3,217350.000000,111556,111556,666,0,0,0,0,0,111556,334,334,111556,0,1,111556
parallel_chunked,3,1000,2,3,189577.000000,111556,111556,666,0,0,0,0,1336,111556,334,334,111556,0,2,55778
parallel_chunked,3,1000,4,3,240776.000000,111556,111556,666,0,0,0,0,2672,111556,334,334,111556,0,4,27889
parallel_chunked,3,1000,8,3,340736.000000,111556,111556,666,0,0,0,0,5344,111556,334,334,111556,0,8,13944
parallel_chunked,4,1000,1,3,186103.000000,62500,62500,499,0,0,0,0,0,62500,250,250,62500,0,1,62500
parallel_chunked,4,1000,2,3,182145.000000,62500,62500,499,0,0,0,0,1000,62500,250,250,62500,0,2,31250
parallel_chunked,4,1000,4,3,172883.000000,62500,62500,499,0,0,0,0,2000,62500,250,250,62500,0,4,15625
parallel_chunked,4,1000,8,3,284220.000000,62500,62500,499,0,0,0,0,4000,62500,250,250,62500,0,8,7812
parallel_chunked,5,1000,1,3,142064.000000,40000,40000,399,0,0,0,0,0,40000,200,200,40000,0,1,40000
parallel_chunked,5,1000,2,3,125743.000000,40000,40000,399,0,0,0,0,800,40000,200,200,40000,0,2,20000
parallel_chunked,5,1000,4,3,158335.000000,40000,40000,399,0,0,0,0,1600,40000,200,200,40000,0,4,10000
parallel_chunked,5,1000,8,3,252628.000000,40000,40000,399,0,0,0,0,3200,40000,200,200,40000,0,8,5000
parallel_chunked,6,1000,1,3,94996.000000,27889,27889,333,0,0,0,0,0,27889,167,167,27889,0,1,27889
parallel_chunked,6,1000,2,3,114649.000000,27889,27889,333,0,0,0,0,668,27889,167,167,27889,0,2,13944
parallel_chunked,6,1000,4,3,1883456.000000,27889,27889,333,0,0,0,0,1336,27889,167,167,27889,0,4,6972
parallel_chunked,6,1000,8,3,313108.000000,27889,27889,333,0,0,0,0,2672,27889,167,167,27889,0,8,3486
parallel_chunked,7,1000,1,3,54054.000000,20449,20449,285,0,0,0,0,0,20449,143,143,20449,0,1,20449
parallel_chunked,7,1000,2,3,81842.000000,20449,20449,285,0,0,0,0,572,20449,143,143,20449,0,2,10224
parallel_chunked,7,1000,4,3,102526.000000,20449,20449,285,0,0,0,0,1144,20449,143,143,20449,0,4,5112
parallel_chunked,7,1000,8,3,207217.000000,20449,20449,285,0,0,0,0,2288,20449,143,143,20449,0,8,2556
parallel_chunked,8,1000,1,3,44802.000000,15625,15625,249,0,0,0,0,0,15625,125,125,15625,0,1,15625
parallel_chunked,8,1000,2,3,79834.000000,15625,15625,249,0,0,0,0,500,15625,125,125,15625,0,2,7812
parallel_chunked,8,1000,4,3,181208.000000,15625,15625,249,0,0,0,0,1000,15625,125,125,15625,0,4,3906
parallel_chunked,8,1000,8,3,237443.000000,15625,15625,249,0,0,0,0,2000,15625,125,125,15625,0,8,1953
parallel_chunked,9,1000,1,3,40548.000000,12544,12544,222,0,0,0,0,0,12544,112,112,12544,0,1,12544
parallel_chunked,9,1000,2,3,80571.000000,12544,12544,222,0,0,0,0,448,12544,112,112,12544,0,2,6272
parallel_chunked,9,1000,4,3,99546.000000,12544,12544,222,0,0,0,0,896,12544,112,112,12544,0,4,3136
parallel_chunked,9,1000,8,3,213719.000000,12544,12544,222,0,0,0,0,1792,12544,112,112,12544,0,8,1568
parallel_chunked,10,1000,1,3,38248.000000,10000,10000,199,0,0,0,0,0,10000,100,100,10000,0,1,10000
parallel_chunked,10,1000,2,3,84591.000000,10000,10000,199,0,0,0,0,400,10000,100,100,10000,0,2,5000
parallel_chunked,10,1000,4,3,109482.000000,10000,10000,199,0,0,0,0,800,10000,100,100,10000,0,4,2500
parallel_chunked,10,1000,8,3,307263.000000,10000,10000,199,0,0,0,0,1600,10000,100,100,10000,0,8,1250
boost_cpp_int,0,1000,1,3,7252.000000,0,0,0,0,0,0,0,0,0,0,0,0,0,0,0
schoolbook,0,1000,1,4,1215156.000000,1000000,1000000,1999,0,0,0,0,0,0,0,0,0,0,0,0
karatsuba,0,1000,1,4,850790.000000,319363,355981,10002,16303,121,81,0,0,0,0,0,0,4,0,0
chunked,3,1000,1,4,233094.000000,0,111556,666,0,0,0,668,0,0,334,334,111556,0,0,0
chunked,4,1000,1,4,134724.000000,0,62500,499,0,0,0,500,0,0,250,250,62500,0,0,0
chunked,5,1000,1,4,92087.000000,0,40000,399,0,0,0,400,0,0,200,200,40000,0,0,0
chunked,6,1000,1,4,70082.000000,0,27889,333,0,0,0,334,0,0,167,167,27889,0,0,0
chunked,7,1000,1,4,55265.000000,0,20449,285,0,0,0,286,0,0,143,143,20449,0,0,0
chunked,8,1000,1,4,45904.000000,0,15625,249,0,0,0,250,0,0,125,125,15625,0,0,0
chunked,9,1000,1,4,41337.000000,0,12544,222,0,0,0,224,0,0,112,112,12544,0,0,0
chunked,10,1000,1,4,39091.000000,0,10000,199,0,0,0,200,0,0,100,100,10000,0,0,0
parallel_chunked,3,1000,1,4,314875.000000,111556,111556,666,0,0,0,0,0,111556,334,334,111556,0,1,111556
parallel_chunked,3,1000,2,4,253591.000000,111556,111556,666,0,0,0,0,1336,111556,334,334,111556,0,2,55778
parallel_chunked,3,1000,4,4,269207.000000,111556,111556,666,0,0,0,0,2672,111556,334,334,111556,0,4,27889
parallel_chunked,3,1000,8,4,566673.000000,111556,111556,666,0,0,0,0,5344,111556,334,334,111556,0,8,13944
parallel_chunked,4,1000,1,4,161302.000000,62500,62500,499,0,0,0,0,0,62500,250,250,62500,0,1,62500
parallel_chunked,4,1000,2,4,200151.000000,62500,62500,499,0,0,0,0,1000,62500,250,250,62500,0,2,31250
parallel_chunked,4,1000,4,4,184278.000000,62500,62500,499,0,0,0,0,2000,62500,250,250,62500,0,4,15625
parallel_chunked,4,1000,8,4,396291.000000,62500,62500,499,0,0,0,0,4000,62500,250,250,62500,0,8,7812
parallel_chunked,5,1000,1,4,89584.000000,40000,40000,399,0,0,0,0,0,40000,200,200,40000,0,1,40000
parallel_chunked,5,1000,2,4,102815.000000,40000,40000,399,0,0,0,0,800,40000,200,200,40000,0,2,20000
parallel_chunked,5,1000,4,4,125219.000000,40000,40000,399,0,0,0,0,1600,40000,200,200,40000,0,4,10000
parallel_chunked,5,1000,8,4,238805.000000,40000,40000,399,0,0,0,0,3200,40000,200,200,40000,0,8,5000
parallel_chunked,6,1000,1,4,68342.000000,27889,27889,333,0,0,0,0,0,27889,167,167,27889,0,1,27889
parallel_chunked,6,1000,2,4,88192.000000,27889,27889,333,0,0,0,0,668,27889,167,167,27889,0,2,13944
parallel_chunked,6,1000,4,4,104122.000000,27889,27889,333,0,0,0,0,1336,27889,167,167,27889,0,4,6972
parallel_chunked,6,1000,8,4,223941.000000,27889,27889,333,0,0,0,0,2672,27889,167,167,27889,0,8,3486
parallel_chunked,7,1000,1,4,54112.000000,20449,20449,285,0,0,0,0,0,20449,143,143,20449,0,1,20449
parallel_chunked,7,1000,2,4,81222.000000,20449,20449,285,0,0,0,0,572,20449,143,143,20449,0,2,10224
parallel_chunked,7,1000,4,4,97754.000000,20449,20449,285,0,0,0,0,1144,20449,143,143,20449,0,4,5112
parallel_chunked,7,1000,8,4,207381.000000,20449,20449,285,0,0,0,0,2288,20449,143,143,20449,0,8,2556
parallel_chunked,8,1000,1,4,43941.000000,15625,15625,249,0,0,0,0,0,15625,125,125,15625,0,1,15625
parallel_chunked,8,1000,2,4,75345.000000,15625,15625,249,0,0,0,0,500,15625,125,125,15625,0,2,7812
parallel_chunked,8,1000,4,4,94059.000000,15625,15625,249,0,0,0,0,1000,15625,125,125,15625,0,4,3906
parallel_chunked,8,1000,8,4,197772.000000,15625,15625,249,0,0,0,0,2000,15625,125,125,15625,0,8,1953
parallel_chunked,9,1000,1,4,39111.000000,12544,12544,222,0,0,0,0,0,12544,112,112,12544,0,1,12544
parallel_chunked,9,1000,2,4,73614.000000,12544,12544,222,0,0,0,0,448,12544,112,112,12544,0,2,6272
parallel_chunked,9,1000,4,4,93935.000000,12544,12544,222,0,0,0,0,896,12544,112,112,12544,0,4,3136
parallel_chunked,9,1000,8,4,197675.000000,12544,12544,222,0,0,0,0,1792,12544,112,112,12544,0,8,1568
parallel_chunked,10,1000,1,4,37827.000000,10000,10000,199,0,0,0,0,0,10000,100,100,10000,0,1,10000
parallel_chunked,10,1000,2,4,73411.000000,10000,10000,199,0,0,0,0,400,10000,100,100,10000,0,2,5000
parallel_chunked,10,1000,4,4,110090.000000,10000,10000,199,0,0,0,0,800,10000,100,100,10000,0,4,2500
parallel_chunked,10,1000,8,4,230686.000000,10000,10000,199,0,0,0,0,1600,10000,100,100,10000,0,8,1250
boost_cpp_int,0,1000,1,4,7305.000000,0,0,0,0,0,0,0,0,0,0,0,0,0,0,0
schoolbook,0,1000,1,5,1220268.000000,1000000,1000000,1996,0,0,0,0,0,0,0,0,0,0,0,0
karatsuba,0,1000,1,5,841244.000000,318529,355441,10069,16431,124,83,0,0,0,0,0,0,5,0,0
chunked,3,1000,1,5,210468.000000,0,111556,665,0,0,0,668,0,0,334,334,111556,0,0,0
chunked,4,1000,1,5,133902.000000,0,62500,499,0,0,0,500,0,0,250,250,62500,0,0,0
chunked,5,1000,1,5,85718.000000,0,40000,399,0,0,0,400,0,0,200,200,40000,0,0,0
chunked,6,1000,1,5,67755.000000,0,27889,333,0,0,0,334,0,0,167,167,27889,0,0,0
chunked,7,1000,1,5,50849.000000,0,20449,285,0,0,0,286,0,0,143,143,20449,0,0,0
chunked,8,1000,1,5,41928.000000,0,15625,249,0,0,0,250,0,0,125,125,15625,0,0,0
chunked,9,1000,1,5,40016.000000,0,12544,222,0,0,0,224,0,0,112,112,12544,0,0,0
chunked,10,1000,1,5,36420.000000,0,10000,199,0,0,0,200,0,0,100,100,10000,0,0,0
parallel_chunked,3,1000,1,5,236525.000000,111556,111556,665,0,0,0,0,0,111556,334,334,111556,0,1,111556
parallel_chunked,3,1000,2,5,151613.000000,111556,111556,665,0,0,0,0,1336,111556,334,334,111556,0,2,55778
parallel_chunked,3,1000,4,5,170420.000000,111556,111556,665,0,0,0,0,2672,111556,334,334,111556,0,4,27889
parallel_chunked,3,1000,8,5,259876.000000,111556,111556,665,0,0,0,0,5344,111556,334,334,111556,0,8,13944
parallel_chunked,4,1000,1,5,131221.000000,62500,62500,499,0,0,0,0,0,62500,250,250,62500,0,1,62500
parallel_chunked,4,1000,2,5,222595.000000,62500,62500,499,0,0,0,0,1000,62500,250,250,62500,0,2,31250
parallel_chunked,4,1000,4,5,140977.000000,62500,62500,499,0,0,0,0,2000,62500,250,250,62500,0,4,15625
parallel_chunked,4,1000,8,5,224883.000000,62500,62500,499,0,0,0,0,4000,62500,250,250,62500,0,8,7812
parallel_chunked,5,1000,1,5,85761.000000,40000,40000,399,0,0,0,0,0,40000,200,200,40000,0,1,40000
parallel_chunked,5,1000,2,5,93908.000000,40000,40000,399,0,0,0,0,800,40000,200,200,40000,0,2,20000
parallel_chunked,5,1000,4,5,103375.000000,40000,40000,399,0,0,0,0,1600,40000,200,200,40000,0,4,10000
parallel_chunked,5,1000,8,5,208773.000000,40000,40000,399,0,0,0,0,3200,40000,200,200,40000,0,8,5000
parallel_chunked,6,1000,1,5,67119.000000,27889,27889,333,0,0,0,0,0,27889,167,167,27889,0,1,27889
parallel_chunked,6,1000,2,5,86626.000000,27889,27889,333,0,0,0,0,668,27889,167,167,27889,0,2,13944
parallel_chunked,6,1000,4,5,101126.000000,27889,27889,333,0,0,0,0,1336,27889,167,167,27889,0,4,6972
parallel_chunked,6,1000,8,5,208381.000000,27889,27889,333,0,0,0,0,2672,27889,167,167,27889,0,8,3486
parallel_chunked,7,1000,1,5,53952.000000,20449,20449,285,0,0,0,0,0,20449,143,143,20449,0,1,20449
parallel_chunked,7,1000,2,5,78699.000000,20449,20449,285,0,0,0,0,572,20449,143,143,20449,0,2,10224
parallel_chunked,7,1000,4,5,96291.000000,20449,20449,285,0,0,0,0,1144,20449,143,143,20449,0,4,5112
parallel_chunked,7,1000,8,5,203032.000000,20449,20449,285,0,0,0,0,2288,20449,143,143,20449,0,8,2556
parallel_chunked,8,1000,1,5,43967.000000,15625,15625,249,0,0,0,0,0,15625,125,125,15625,0,1,15625
parallel_chunked,8,1000,2,5,74683.000000,15625,15625,249,0,0,0,0,500,15625,125,125,15625,0,2,7812
parallel_chunked,8,1000,4,5,92483.000000,15625,15625,249,0,0,0,0,1000,15625,125,125,15625,0,4,3906
parallel_chunked,8,1000,8,5,192511.000000,15625,15625,249,0,0,0,0,2000,15625,125,125,15625,0,8,1953
parallel_chunked,9,1000,1,5,40477.000000,12544,12544,222,0,0,0,0,0,12544,112,112,12544,0,1,12544
parallel_chunked,9,1000,2,5,73040.000000,12544,12544,222,0,0,0,0,448,12544,112,112,12544,0,2,6272
parallel_chunked,9,1000,4,5,92821.000000,12544,12544,222,0,0,0,0,896,12544,112,112,12544,0,4,3136
parallel_chunked,9,1000,8,5,196640.000000,12544,12544,222,0,0,0,0,1792,12544,112,112,12544,0,8,1568
parallel_chunked,10,1000,1,5,37848.000000,10000,10000,199,0,0,0,0,0,10000,100,100,10000,0,1,10000
parallel_chunked,10,1000,2,5,73612.000000,10000,10000,199,0,0,0,0,400,10000,100,100,10000,0,2,5000
parallel_chunked,10,1000,4,5,93115.000000,10000,10000,199,0,0,0,0,800,10000,100,100,10000,0,4,2500
parallel_chunked,10,1000,8,5,189440.000000,10000,10000,199,0,0,0,0,1600,10000,100,100,10000,0,8,1250
boost_cpp_int,0,1000,1,5,7215.000000,0,0,0,0,0,0,0,0,0,0,0,0,0,0,0
schoolbook,0,5000,1,1,30984156.000000,25000000,25000000,9998,0,0,0,0,0,0,0,0,0,0,0,0
karatsuba,0,5000,1,1,11912928.000000,3386281,4111488,167479,323001,3280,2187,0,0,0,0,0,0,7,0,0
chunked,3,5000,1,1,5036927.000000,0,2778889,3332,0,0,0,3334,0,0,1667,1667,2778889,0,0,0
chunked,4,5000,1,1,2792040.000000,0,1562500,2499,0,0,0,2500,0,0,1250,1250,1562500,0,0,0
chunked,5,5000,1,1,1773455.000000,0,1000000,1999,0,0,0,2000,0,0,1000,1000,1000000,0,0,0
chunked,6,5000,1,1,1283348.000000,0,695556,1666,0,0,0,1668,0,0,834,834,695556,0,0,0
chunked,7,5000,1,1,977079.000000,0,511225,1428,0,0,0,1430,0,0,715,715,511225,0,0,0
chunked,8,5000,1,1,729623.000000,0,390625,1249,0,0,0,1250,0,0,625,625,390625,0,0,0
chunked,9,5000,1,1,785501.000000,0,309136,1110,0,0,0,1112,0,0,556,556,309136,0,0,0
chunked,10,5000,1,1,656779.000000,0,250000,999,0,0,0,1000,0,0,500,500,250000,0,0,0
parallel_chunked,3,5000,1,1,5028554.000000,2778889,2778889,3332,0,0,0,0,0,2778889,1667,1667,2778889,0,1,2778889
parallel_chunked,3,5000,2,1,2250198.000000,2778889,2778889,3332,0,0,0,0,6668,2778889,1667,1667,2778889,0,2,1389444
parallel_chunked,3,5000,4,1,1951498.000000,2778889,2778889,3332,0,0,0,0,13336,2778889,1667,1667,2778889,0,4,694722
parallel_chunked,3,5000,8,1,2229826.000000,2778889,2778889,3332,0,0,0,0,26672,2778889,1667,1667,2778889,0,8,347361
parallel_chunked,4,5000,1,1,2711151.000000,1562500,1562500,2499,0,0,0,0,0,1562500,1250,1250,1562500,0,1,1562500
parallel_chunked,4,5000,2,1,1055766.000000,1562500,1562500,2499,0,0,0,0,5000,1562500,1250,1250,1562500,0,2,781250
parallel_chunked,4,5000,4,1,1017901.000000,1562500,1562500,2499,0,0,0,0,10000,1562500,1250,1250,1562500,0,4,390625
parallel_chunked,4,5000,8,1,1559157.000000,1562500,1562500,2499,0,0,0,0,20000,1562500,1250,1250,1562500,0,8,195312
parallel_chunked,5,5000,1,1,1795923.000000,1000000,1000000,1999,0,0,0,0,0,1000000,1000,1000,1000000,0,1,1000000
parallel_chunked,5,5000,2,1,786314.000000,1000000,1000000,1999,0,0,0,0,4000,1000000,1000,1000,1000000,0,2,500000
parallel_chunked,5,5000,4,1,733286.000000,1000000,1000000,1999,0,0,0,0,8000,1000000,1000,1000,1000000,0,4,250000
parallel_chunked,5,5000,8,1,999374.000000,1000000,1000000,1999,0,0,0,0,16000,1000000,1000,1000,1000000,0,8,125000
parallel_chunked,6,5000,1,1,1356931.000000,695556,695556,1666,0,0,0,0,0,695556,834,834,695556,0,1,695556
parallel_chunked,6,5000,2,1,997185.000000,695556,695556,1666,0,0,0,0,3336,695556,834,834,695556,0,2,347778
parallel_chunked,6,5000,4,1,606436.000000,695556,695556,1666,0,0,0,0,6672,695556,834,834,695556,0,4,173889
parallel_chunked,6,5000,8,1,946333.000000,695556,695556,1666,0,0,0,0,13344,695556,834,834,695556,0,8,86944
parallel_chunked,7,5000,1,1,943175.000000,511225,511225,1428,0,0,0,0,0,511225,715,715,511225,0,1,511225
parallel_chunked,7,5000,2,1,534436.000000,511225,511225,1428,0,0,0,0,2860,511225,715,715,511225,0,2,255612
parallel_chunked,7,5000,4,1,455496.000000,511225,511225,1428,0,0,0,0,5720,511225,715,715,511225,0,4,127806
parallel_chunked,7,5000,8,1,706470.000000,511225,511225,1428,0,0,0,0,11440,511225,715,715,511225,0,8,63903
parallel_chunked,8,5000,1,1,722133.000000,390625,390625,1249,0,0,0,0,0,390625,625,625,390625,0,1,390625
parallel_chunked,8,5000,2,1,463385.000000,390625,390625,1249,0,0,0,0,2500,390625,625,625,390625,0,2,195312
parallel_chunked,8,5000,4,1,466648.000000,390625,390625,1249,0,0,0,0,5000,390625,625,625,390625,0,4,97656
parallel_chunked,8,5000,8,1,500496.000000,390625,390625,1249,0,0,0,0,10000,390625,625,625,390625,0,8,48828
parallel_chunked,9,5000,1,1,677839.000000,309136,309136,1110,0,0,0,0,0,309136,556,556,309136,0,1,309136
parallel_chunked,9,5000,2,1,379481.000000,309136,309136,1110,0,0,0,0,2224,309136,556,556,309136,0,2,154568
parallel_chunked,9,5000,4,1,394404.000000,309136,309136,1110,0,0,0,0,4448,309136,556,556,309136,0,4,77284
parallel_chunked,9,5000,8,1,559745.000000,309136,309136,1110,0,0,0,0,8896,309136,556,556,309136,0,8,38642
parallel_chunked,10,5000,1,1,497889.000000,250000,250000,999,0,0,0,0,0,250000,500,500,250000,0,1,250000
parallel_chunked,10,5000,2,1,283718.000000,250000,250000,999,0,0,0,0,2000,250000,500,500,250000,0,2,125000
parallel_chunked,10,5000,4,1,297572.000000,250000,250000,999,0,0,0,0,4000,250000,500,500,250000,0,4,62500
parallel_chunked,10,5000,8,1,459244.000000,250000,250000,999,0,0,0,0,8000,250000,500,500,250000,0,8,31250
boost_cpp_int,0,5000,1,1,172351.000000,0,0,0,0,0,0,0,0,0,0,0,0,0,0,0
schoolbook,0,5000,1,2,28449146.000000,25000000,25000000,9996,0,0,0,0,0,0,0,0,0,0,0,0
karatsuba,0,5000,1,2,11371725.000000,3384977,4110207,167578,323022,3280,2187,0,0,0,0,0,0,7,0,0
chunked,3,5000,1,2,4903896.000000,0,2778889,3333,0,0,0,3334,0,0,1667,1667,2778889,0,0,0
chunked,4,5000,1,2,2544954.000000,0,1562500,2499,0,0,0,2500,0,0,1250,1250,1562500,0,0,0
chunked,5,5000,1,2,1708446.000000,0,1000000,1999,0,0,0,2000,0,0,1000,1000,1000000,0,0,0
chunked,6,5000,1,2,1293243.000000,0,695556,1666,0,0,0,1668,0,0,834,834,695556,0,0,0
chunked,7,5000,1,2,1018086.000000,0,511225,1428,0,0,0,1430,0,0,715,715,511225,0,0,0
chunked,8,5000,1,2,684577.000000,0,390625,1249,0,0,0,1250,0,0,625,625,390625,0,0,0
chunked,9,5000,1,2,583239.000000,0,309136,1111,0,0,0,1112,0,0,556,556,309136,0,0,0
chunked,10,5000,1,2,532073.000000,0,250000,999,0,0,0,1000,0,0,500,500,250000,0,0,0
parallel_chunked,3,5000,1,2,4681510.000000,2778889,2778889,3333,0,0,0,0,0,2778889,1667,1667,2778889,0,1,2778889
parallel_chunked,3,5000,2,2,2128607.000000,2778889,2778889,3333,0,0,0,0,6668,2778889,1667,1667,2778889,0,2,1389444
parallel_chunked,3,5000,4,2,1930862.000000,2778889,2778889,3333,0,0,0,0,13336,2778889,1667,1667,2778889,0,4,694722
parallel_chunked,3,5000,8,2,2048423.000000,2778889,2778889,3333,0,0,0,0,26672,2778889,1667,1667,2778889,0,8,347361
parallel_chunked,4,5000,1,2,2739604.000000,1562500,1562500,2499,0,0,0,0,0,1562500,1250,1250,1562500,0,1,1562500
parallel_chunked,4,5000,2,2,1124207.000000,1562500,1562500,2499,0,0,0,0,5000,1562500,1250,1250,1562500,0,2,781250
parallel_chunked,4,5000,4,2,1068533.000000,1562500,1562500,2499,0,0,0,0,10000,1562500,1250,1250,1562500,0,4,390625
parallel_chunked,4,5000,8,2,1247176.000000,1562500,1562500,2499,0,0,0,0,20000,1562500,1250,1250,1562500,0,8,195312
parallel_chunked,5,5000,1,2,1728093.000000,1000000,1000000,1999,0,0,0,0,0,1000000,1000,1000,1000000,0,1,1000000
parallel_chunked,5,5000,2,2,733783.000000,1000000,1000000,1999,0,0,0,0,4000,1000000,1000,1000,1000000,0,2,500000
parallel_chunked,5,5000,4,2,798270.000000,1000000,1000000,1999,0,0,0,0,8000,1000000,1000,1000,1000000,0,4,250000
parallel_chunked,5,5000,8,2,1104773.000000,1000000,1000000,1999,0,0,0,0,16000,1000000,1000,1000,1000000,0,8,125000
parallel_chunked,6,5000,1,2,1261636.000000,695556,695556,1666,0,0,0,0,0,695556,834,834,695556,0,1,695556
parallel_chunked,6,5000,2,2,597208.000000,695556,695556,1666,0,0,0,0,3336,695556,834,834,695556,0,2,347778
parallel_chunked,6,5000,4,2,558236.000000,695556,695556,1666,0,0,0,0,6672,695556,834,834,695556,0,4,173889
parallel_chunked,6,5000,8,2,726081.000000,695556,695556,1666,0,0,0,0,13344,695556,834,834,695556,0,8,86944
parallel_chunked,7,5000,1,2,892338.000000,511225,511225,1428,0,0,0,0,0,511225,715,715,511225,0,1,511225
parallel_chunked,7,5000,2,2,483701.000000,511225,511225,1428,0,0,0,0,2860,511225,715,715,511225,0,2,255612
parallel_chunked,7,5000,4,2,490586.000000,511225,511225,1428,0,0,0,0,5720,511225,715,715,511225,0,4,127806
parallel_chunked,7,5000,8,2,584397.000000,511225,511225,1428,0,0,0,0,11440,511225,715,715,511225,0,8,63903
parallel_chunked,8,5000,1,2,670639.000000,390625,390625,1249,0,0,0,0,0,390625,625,625,390625,0,1,390625
parallel_chunked,8,5000,2,2,376790.000000,390625,390625,1249,0,0,0,0,2500,390625,625,625,390625,0,2,195312
parallel_chunked,8,5000,4,2,387643.000000,390625,390625,1249,0,0,0,0,5000,390625,625,625,390625,0,4,97656
parallel_chunked,8,5000,8,2,567510.000000,390625,390625,1249,0,0,0,0,10000,390625,625,625,390625,0,8,48828
parallel_chunked,9,5000,1,2,718618.000000,309136,309136,1111,0,0,0,0,0,309136,556,556,309136,0,1,309136
parallel_chunked,9,5000,2,2,374513.000000,309136,309136,1111,0,0,0,0,2224,309136,556,556,309136,0,2,154568
parallel_chunked,9,5000,4,2,429526.000000,309136,309136,1111,0,0,0,0,4448,309136,556,556,309136,0,4,77284
parallel_chunked,9,5000,8,2,530017.000000,309136,309136,1111,0,0,0,0,8896,309136,556,556,309136,0,8,38642
parallel_chunked,10,5000,1,2,483425.000000,250000,250000,999,0,0,0,0,0,250000,500,500,250000,0,1,250000
parallel_chunked,10,5000,2,2,314984.000000,250000,250000,999,0,0,0,0,2000,250000,500,500,250000,0,2,125000
parallel_chunked,10,5000,4,2,367747.000000,250000,250000,999,0,0,0,0,4000,250000,500,500,250000,0,4,62500
parallel_chunked,10,5000,8,2,472199.000000,250000,250000,999,0,0,0,0,8000,250000,500,500,250000,0,8,31250
boost_cpp_int,0,5000,1,2,160781.000000,0,0,0,0,0,0,0,0,0,0,0,0,0,0,0
schoolbook,0,5000,1,3,28406853.000000,25000000,25000000,9998,0,0,0,0,0,0,0,0,0,0,0,0
karatsuba,0,5000,1,3,11109702.000000,3385113,4110332,167492,323018,3280,2187,0,0,0,0,0,0,7,0,0
chunked,3,5000,1,3,4658568.000000,0,2778889,3333,0,0,0,3334,0,0,1667,1667,2778889,0,0,0
chunked,4,5000,1,3,2600526.000000,0,1562500,2499,0,0,0,2500,0,0,1250,1250,1562500,0,0,0
chunked,5,5000,1,3,1768365.000000,0,1000000,1999,0,0,0,2000,0,0,1000,1000,1000000,0,0,0
chunked,6,5000,1,3,1199510.000000,0,695556,1666,0,0,0,1668,0,0,834,834,695556,0,0,0
chunked,7,5000,1,3,967353.000000,0,511225,1428,0,0,0,1430,0,0,715,715,511225,0,0,0
chunked,8,5000,1,3,717344.000000,0,390625,1249,0,0,0,1250,0,0,625,625,390625,0,0,0
chunked,9,5000,1,3,575963.000000,0,309136,1111,0,0,0,1112,0,0,556,556,309136,0,0,0
chunked,10,5000,1,3,455469.000000,0,250000,999,0,0,0,1000,0,0,500,500,250000,0,0,0
parallel_chunked,3,5000,1,3,4825415.000000,2778889,2778889,3333,0,0,0,0,0,2778889,1667,1667,2778889,0,1,2778889
parallel_chunked,3,5000,2,3,1866018.000000,2778889,2778889,3333,0,0,0,0,6668,2778889,1667,1667,2778889,0,2,1389444
parallel_chunked,3,5000,4,3,1917250.000000,2778889,2778889,3333,0,0,0,0,13336,2778889,1667,1667,2778889,0,4,694722
parallel_chunked,3,5000,8,3,2606794.000000,2778889,2778889,3333,0,0,0,0,26672,2778889,1667,1667,2778889,0,8,347361
parallel_chunked,4,5000,1,3,2560590.000000,1562500,1562500,2499,0,0,0,0,0,1562500,1250,1250,1562500,0,1,1562500
parallel_chunked,4,5000,2,3,1193387.000000,1562500,1562500,2499,0,0,0,0,5000,1562500,1250,1250,1562500,0,2,781250
parallel_chunked,4,5000,4,3,1081584.000000,1562500,1562500,2499,0,0,0,0,10000,1562500,1250,1250,1562500,0,4,390625
parallel_chunked,4,5000,8,3,1227817.000000,1562500,1562500,2499,0,0,0,0,20000,1562500,1250,1250,1562500,0,8,195312
parallel_chunked,5,5000,1,3,1911495.000000,1000000,1000000,1999,0,0,0,0,0,1000000,1000,1000,1000000,0,1,1000000
parallel_chunked,5,5000,2,3,770031.000000,1000000,1000000,1999,0,0,0,0,4000,1000000,1000,1000,1000000,0,2,500000
parallel_chunked,5,5000,4,3,848003.000000,1000000,1000000,1999,0,0,0,0,8000,1000000,1000,1000,1000000,0,4,250000
parallel_chunked,5,5000,8,3,916586.000000,1000000,1000000,1999,0,0,0,0,16000,1000000,1000,1000,1000000,0,8,125000
parallel_chunked,6,5000,1,3,1248976.000000,695556,695556,1666,0,0,0,0,0,695556,834,834,695556,0,1,695556
parallel_chunked,6,5000,2,3,570168.000000,695556,695556,1666,0,0,0,0,3336,695556,834,834,695556,0,2,347778
parallel_chunked,6,5000,4,3,575047.000000,695556,695556,1666,0,0,0,0,6672,695556,834,834,695556,0,4,173889
parallel_chunked,6,5000,8,3,702411.000000,695556,695556,1666,0,0,0,0,13344,695556,834,834,695556,0,8,86944
parallel_chunked,7,5000,1,3,875976.000000,511225,511225,1428,0,0,0,0,0,511225,715,715,511225,0,1,511225
parallel_chunked,7,5000,2,3,451393.000000,511225,511225,1428,0,0,0,0,2860,511225,715,715,511225,0,2,255612
parallel_chunked,7,5000,4,3,470796.000000,511225,511225,1428,0,0,0,0,5720,511225,715,715,511225,0,4,127806
parallel_chunked,7,5000,8,3,635122.000000,511225,511225,1428,0,0,0,0,11440,511225,715,715,511225,0,8,63903
parallel_chunked,8,5000,1,3,680677.000000,390625,390625,1249,0,0,0,0,0,390625,625,625,390625,0,1,390625
parallel_chunked,8,5000,2,3,376246.000000,390625,390625,1249,0,0,0,0,2500,390625,625,625,390625,0,2,195312
parallel_chunked,8,5000,4,3,432158.000000,390625,390625,1249,0,0,0,0,5000,390625,625,625,390625,0,4,97656
parallel_chunked,8,5000,8,3,528025.000000,390625,390625,1249,0,0,0,0,10000,390625,625,625,390625,0,8,48828
parallel_chunked,9,5000,1,3,579158.000000,309136,309136,1111,0,0,0,0,0,309136,556,556,309136,0,1,309136
parallel_chunked,9,5000,2,3,352397.000000,309136,309136,1111,0,0,0,0,2224,309136,556,556,309136,0,2,154568
parallel_chunked,9,5000,4,3,385337.000000,309136,309136,1111,0,0,0,0,4448,309136,556,556,309136,0,4,77284
parallel_chunked,9,5000,8,3,476567.000000,309136,309136,1111,0,0,0,0,8896,309136,556,556,309136,0,8,38642
parallel_chunked,10,5000,1,3,464323.000000,250000,250000,999,0,0,0,0,0,250000,500,500,250000,0,1,250000
parallel_chunked,10,5000,2,3,299369.000000,250000,250000,999,0,0,0,0,2000,250000,500,500,250000,0,2,125000
parallel_chunked,10,5000,4,3,416243.000000,250000,250000,999,0,0,0,0,4000,250000,500,500,250000,0,4,62500
parallel_chunked,10,5000,8,3,434677.000000,250000,250000,999,0,0,0,0,8000,250000,500,500,250000,0,8,31250
boost_cpp_int,0,5000,1,3,201494.000000,0,0,0,0,0,0,0,0,0,0,0,0,0,0,0
schoolbook,0,5000,1,4,28630467.000000,25000000,25000000,9997,0,0,0,0,0,0,0,0,0,0,0,0
karatsuba,0,5000,1,4,11710915.000000,3383328,4108453,167515,322944,3280,2187,0,0,0,0,0,0,7,0,0
chunked,3,5000,1,4,4787745.000000,0,2778889,3333,0,0,0,3334,0,0,1667,1667,2778889,0,0,0
chunked,4,5000,1,4,2807818.000000,0,1562500,2499,0,0,0,2500,0,0,1250,1250,1562500,0,0,0
chunked,5,5000,1,4,1823010.000000,0,1000000,1999,0,0,0,2000,0,0,1000,1000,1000000,0,0,0
chunked,6,5000,1,4,1215669.000000,0,695556,1666,0,0,0,1668,0,0,834,834,695556,0,0,0
chunked,7,5000,1,4,863412.000000,0,511225,1428,0,0,0,1430,0,0,715,715,511225,0,0,0
chunked,8,5000,1,4,671129.000000,0,390625,1249,0,0,0,1250,0,0,625,625,390625,0,0,0
chunked,9,5000,1,4,566940.000000,0,309136,1111,0,0,0,1112,0,0,556,556,309136,0,0,0
chunked,10,5000,1,4,502696.000000,0,250000,999,0,0,0,1000,0,0,500,500,250000,0,0,0
parallel_chunked,3,5000,1,4,4835813.000000,2778889,2778889,3333,0,0,0,0,0,2778889,1667,1667,2778889,0,1,2778889
parallel_chunked,3,5000,2,4,2210645.000000,2778889,2778889,3333,0,0,0,0,6668,2778889,1667,1667,2778889,0,2,1389444
parallel_chunked,3,5000,4,4,1883105.000000,2778889,2778889,3333,0,0,0,0,13336,2778889,1667,1667,2778889,0,4,694722
parallel_chunked,3,5000,8,4,1858199.000000,2778889,2778889,3333,0,0,0,0,26672,2778889,1667,1667,2778889,0,8,347361
parallel_chunked,4,5000,1,4,2721243.000000,1562500,1562500,2499,0,0,0,0,0,1562500,1250,1250,1562500,0,1,1562500
parallel_chunked,4,5000,2,4,1188985.000000,1562500,1562500,2499,0,0,0,0,5000,1562500,1250,1250,1562500,0,2,781250
parallel_chunked,4,5000,4,4,1185620.000000,1562500,1562500,2499,0,0,0,0,10000,1562500,1250,1250,1562500,0,4,390625
parallel_chunked,4,5000,8,4,1214660.000000,1562500,1562500,2499,0,0,0,0,20000,1562500,1250,1250,1562500,0,8,195312
parallel_chunked,5,5000,1,4,1645967.000000,1000000,1000000,1999,0,0,0,0,0,1000000,1000,1000,1000000,0,1,1000000
parallel_chunked,5,5000,2,4,753586.000000,1000000,1000000,1999,0,0,0,0,4000,1000000,1000,1000,1000000,0,2,500000
parallel_chunked,5,5000,4,4,710711.000000,1000000,1000000,1999,0,0,0,0,8000,1000000,1000,1000,1000000,0,4,250000
parallel_chunked,5,5000,8,4,1121385.000000,1000000,1000000,1999,0,0,0,0,16000,1000000,1000,1000,1000000,0,8,125000
parallel_chunked,6,5000,1,4,1161169.000000,695556,695556,1666,0,0,0,0,0,695556,834,834,695556,0,1,695556
parallel_chunked,6,5000,2,4,559830.000000,695556,695556,1666,0,0,0,0,3336,695556,834,834,695556,0,2,347778
parallel_chunked,6,5000,4,4,608801.000000,695556,695556,1666,0,0,0,0,6672,695556,834,834,695556,0,4,173889
parallel_chunked,6,5000,8,4,749345.000000,695556,695556,1666,0,0,0,0,13344,695556,834,834,695556,0,8,86944
parallel_chunked,7,5000,1,4,866160.000000,511225,511225,1428,0,0,0,0,0,511225,715,715,511225,0,1,511225
parallel_chunked,7,5000,2,4,445930.000000,511225,511225,1428,0,0,0,0,2860,511225,715,715,511225,0,2,255612
parallel_chunked,7,5000,4,4,516529.000000,511225,511225,1428,0,0,0,0,5720,511225,715,715,511225,0,4,127806
parallel_chunked,7,5000,8,4,605519.000000,511225,511225,1428,0,0,0,0,11440,511225,715,715,511225,0,8,63903
parallel_chunked,8,5000,1,4,672484.000000,390625,390625,1249,0,0,0,0,0,390625,625,625,390625,0,1,390625
parallel_chunked,8,5000,2,4,411597.000000,390625,390625,1249,0,0,0,0,2500,390625,625,625,390625,0,2,195312
parallel_chunked,8,5000,4,4,390875.000000,390625,390625,1249,0,0,0,0,5000,390625,625,625,390625,0,4,97656
parallel_chunked,8,5000,8,4,507772.000000,390625,390625,1249,0,0,0,0,10000,390625,625,625,390625,0,8,48828
parallel_chunked,9,5000,1,4,566331.000000,309136,309136,1111,0,0,0,0,0,309136,556,556,309136,0,1,309136
parallel_chunked,9,5000,2,4,335688.000000,309136,309136,1111,0,0,0,0,2224,309136,556,556,309136,0,2,154568
parallel_chunked,9,5000,4,4,383911.000000,309136,309136,1111,0,0,0,0,4448,309136,556,556,309136,0,4,77284
parallel_chunked,9,5000,8,4,492590.000000,309136,309136,1111,0,0,0,0,8896,309136,556,556,309136,0,8,38642
parallel_chunked,10,5000,1,4,486416.000000,250000,250000,999,0,0,0,0,0,250000,500,500,250000,0,1,250000
parallel_chunked,10,5000,2,4,302162.000000,250000,250000,999,0,0,0,0,2000,250000,500,500,250000,0,2,125000
parallel_chunked,10,5000,4,4,336887.000000,250000,250000,999,0,0,0,0,4000,250000,500,500,250000,0,4,62500
parallel_chunked,10,5000,8,4,501352.000000,250000,250000,999,0,0,0,0,8000,250000,500,500,250000,0,8,31250
boost_cpp_int,0,5000,1,4,160711.000000,0,0,0,0,0,0,0,0,0,0,0,0,0,0,0
schoolbook,0,5000,1,5,27822754.000000,25000000,25000000,9999,0,0,0,0,0,0,0,0,0,0,0,0
karatsuba,0,5000,1,5,11216971.000000,3384886,4110044,167467,322993,3280,2187,0,0,0,0,0,0,7,0,0
chunked,3,5000,1,5,4803520.000000,0,2778889,3333,0,0,0,3334,0,0,1667,1667,2778889,0,0,0
chunked,4,5000,1,5,2537758.000000,0,1562500,2499,0,0,0,2500,0,0,1250,1250,1562500,0,0,0
chunked,5,5000,1,5,1773572.000000,0,1000000,1999,0,0,0,2000,0,0,1000,1000,1000000,0,0,0
chunked,6,5000,1,5,1242106.000000,0,695556,1666,0,0,0,1668,0,0,834,834,695556,0,0,0
chunked,7,5000,1,5,934405.000000,0,511225,1428,0,0,0,1430,0,0,715,715,511225,0,0,0
chunked,8,5000,1,5,722460.000000,0,390625,1249,0,0,0,1250,0,0,625,625,390625,0,0,0
chunked,9,5000,1,5,603030.000000,0,309136,1111,0,0,0,1112,0,0,556,556,309136,0,0,0
chunked,10,5000,1,5,447425.000000,0,250000,999,0,0,0,1000,0,0,500,500,250000,0,0,0
parallel_chunked,3,5000,1,5,4780827.000000,2778889,2778889,3333,0,0,0,0,0,2778889,1667,1667,2778889,0,1,2778889
parallel_chunked,3,5000,2,5,1837685.000000,2778889,2778889,3333,0,0,0,0,6668,2778889,1667,1667,2778889,0,2,1389444
parallel_chunked,3,5000,4,5,1833423.000000,2778889,2778889,3333,0,0,0,0,13336,2778889,1667,1667,2778889,0,4,694722
parallel_chunked,3,5000,8,5,2031170.000000,2778889,2778889,3333,0,0,0,0,26672,2778889,1667,1667,2778889,0,8,347361
parallel_chunked,4,5000,1,5,2723224.000000,1562500,1562500,2499,0,0,0,0,0,1562500,1250,1250,1562500,0,1,1562500
parallel_chunked,4,5000,2,5,1069930.000000,1562500,1562500,2499,0,0,0,0,5000,1562500,1250,1250,1562500,0,2,781250
parallel_chunked,4,5000,4,5,1043996.000000,1562500,1562500,2499,0,0,0,0,10000,1562500,1250,1250,1562500,0,4,390625
parallel_chunked,4,5000,8,5,1220639.000000,1562500,1562500,2499,0,0,0,0,20000,1562500,1250,1250,1562500,0,8,195312
parallel_chunked,5,5000,1,5,1704865.000000,1000000,1000000,1999,0,0,0,0,0,1000000,1000,1000,1000000,0,1,1000000
parallel_chunked,5,5000,2,5,727463.000000,1000000,1000000,1999,0,0,0,0,4000,1000000,1000,1000,1000000,0,2,500000
parallel_chunked,5,5000,4,5,794107.000000,1000000,1000000,1999,0,0,0,0,8000,1000000,1000,1000,1000000,0,4,250000
parallel_chunked,5,5000,8,5,946987.000000,1000000,1000000,1999,0,0,0,0,16000,1000000,1000,1000,1000000,0,8,125000
parallel_chunked,6,5000,1,5,1160717.000000,695556,695556,1666,0,0,0,0,0,695556,834,834,695556,0,1,695556
parallel_chunked,6,5000,2,5,559214.000000,695556,695556,1666,0,0,0,0,3336,695556,834,834,695556,0,2,347778
parallel_chunked,6,5000,4,5,582582.000000,695556,695556,1666,0,0,0,0,6672,695556,834,834,695556,0,4,173889
parallel_chunked,6,5000,8,5,737368.000000,695556,695556,1666,0,0,0,0,13344,695556,834,834,695556,0,8,86944
parallel_chunked,7,5000,1,5,877410.000000,511225,511225,1428,0,0,0,0,0,511225,715,715,511225,0,1,511225
parallel_chunked,7,5000,2,5,445224.000000,511225,511225,1428,0,0,0,0,2860,511225,715,715,511225,0,2,255612
parallel_chunked,7,5000,4,5,469109.000000,511225,511225,1428,0,0,0,0,5720,511225,715,715,511225,0,4,127806
parallel_chunked,7,5000,8,5,581481.000000,511225,511225,1428,0,0,0,0,11440,511225,715,715,511225,0,8,63903
parallel_chunked,8,5000,1,5,679339.000000,390625,390625,1249,0,0,0,0,0,390625,625,625,390625,0,1,390625
parallel_chunked,8,5000,2,5,379340.000000,390625,390625,1249,0,0,0,0,2500,390625,625,625,390625,0,2,195312
parallel_chunked,8,5000,4,5,441059.000000,390625,390625,1249,0,0,0,0,5000,390625,625,625,390625,0,4,97656
parallel_chunked,8,5000,8,5,575600.000000,390625,390625,1249,0,0,0,0,10000,390625,625,625,390625,0,8,48828
parallel_chunked,9,5000,1,5,559520.000000,309136,309136,1111,0,0,0,0,0,309136,556,556,309136,0,1,309136
parallel_chunked,9,5000,2,5,343582.000000,309136,309136,1111,0,0,0,0,2224,309136,556,556,309136,0,2,154568
parallel_chunked,9,5000,4,5,443284.000000,309136,309136,1111,0,0,0,0,4448,309136,556,556,309136,0,4,77284
parallel_chunked,9,5000,8,5,493650.000000,309136,309136,1111,0,0,0,0,8896,309136,556,556,309136,0,8,38642
parallel_chunked,10,5000,1,5,482206.000000,250000,250000,999,0,0,0,0,0,250000,500,500,250000,0,1,250000
parallel_chunked,10,5000,2,5,299044.000000,250000,250000,999,0,0,0,0,2000,250000,500,500,250000,0,2,125000
parallel_chunked,10,5000,4,5,348142.000000,250000,250000,999,0,0,0,0,4000,250000,500,500,250000,0,4,62500
parallel_chunked,10,5000,8,5,439260.000000,250000,250000,999,0,0,0,0,8000,250000,500,500,250000,0,8,31250
boost_cpp_int,0,5000,1,5,160773.000000,0,0,0,0,0,0,0,0,0,0,0,0,0,0,0
schoolbook,0,10000,1,1,114859668.000000,100000000,100000000,19999,0,0,0,0,0,0,0,0,0,0,0,0
karatsuba,0,10000,1,1,33536698.000000,10162650,12383545,502609,989128,9841,6561,0,0,0,0,0,0,8,0,0
chunked,3,10000,1,1,18946088.000000,0,11115556,6666,0,0,0,6668,0,0,3334,3334,11115556,0,0,0
chunked,4,10000,1,1,10469380.000000,0,6250000,4999,0,0,0,5000,0,0,2500,2500,6250000,0,0,0
chunked,5,10000,1,1,6707780.000000,0,4000000,3999,0,0,0,4000,0,0,2000,2000,4000000,0,0,0
chunked,6,10000,1,1,4679062.000000,0,2778889,3333,0,0,0,3334,0,0,1667,1667,2778889,0,0,0
chunked,7,10000,1,1,3574286.000000,0,2042041,2857,0,0,0,2858,0,0,1429,1429,2042041,0,0,0
chunked,8,10000,1,1,2642000.000000,0,1562500,2499,0,0,0,2500,0,0,1250,1250,1562500,0,0,0
chunked,9,10000,1,1,2149639.000000,0,1236544,2222,0,0,0,2224,0,0,1112,1112,1236544,0,0,0
chunked,10,10000,1,1,1849679.000000,0,1000000,1999,0,0,0,2000,0,0,1000,1000,1000000,0,0,0
parallel_chunked,3,10000,1,1,18433615.000000,11115556,11115556,6666,0,0,0,0,0,11115556,3334,3334,11115556,0,1,11115556
parallel_chunked,3,10000,2,1,7309249.000000,11115556,11115556,6666,0,0,0,0,13336,11115556,3334,3334,11115556,0,2,5557778
parallel_chunked,3,10000,4,1,6516094.000000,11115556,11115556,6666,0,0,0,0,26672,11115556,3334,3334,11115556,0,4,2778889
parallel_chunked,3,10000,8,1,6740652.000000,11115556,11115556,6666,0,0,0,0,53344,11115556,3334,3334,11115556,0,8,1389444
parallel_chunked,4,10000,1,1,10464455.000000,6250000,6250000,4999,0,0,0,0,0,6250000,2500,2500,6250000,0,1,6250000
parallel_chunked,4,10000,2,1,4410411.000000,6250000,6250000,4999,0,0,0,0,10000,6250000,2500,2500,6250000,0,2,3125000
parallel_chunked,4,10000,4,1,3720611.000000,6250000,6250000,4999,0,0,0,0,20000,6250000,2500,2500,6250000,0,4,1562500
parallel_chunked,4,10000,8,1,3876216.000000,6250000,6250000,4999,0,0,0,0,40000,6250000,2500,2500,6250000,0,8,781250
parallel_chunked,5,10000,1,1,6602260.000000,4000000,4000000,3999,0,0,0,0,0,4000000,2000,2000,4000000,0,1,4000000
parallel_chunked,5,10000,2,1,3169487.000000,4000000,4000000,3999,0,0,0,0,8000,4000000,2000,2000,4000000,0,2,2000000
parallel_chunked,5,10000,4,1,2532761.000000,4000000,4000000,3999,0,0,0,0,16000,4000000,2000,2000,4000000,0,4,1000000
parallel_chunked,5,10000,8,1,2767320.000000,4000000,4000000,3999,0,0,0,0,32000,4000000,2000,2000,4000000,0,8,500000
parallel_chunked,6,10000,1,1,4710158.000000,2778889,2778889,3333,0,0,0,0,0,2778889,1667,1667,2778889,0,1,2778889
parallel_chunked,6,10000,2,1,2262973.000000,2778889,2778889,3333,0,0,0,0,6668,2778889,1667,1667,2778889,0,2,1389444
parallel_chunked,6,10000,4,1,1800205.000000,2778889,2778889,3333,0,0,0,0,13336,2778889,1667,1667,2778889,0,4,694722
parallel_chunked,6,10000,8,1,2029954.000000,2778889,2778889,3333,0,0,0,0,26672,2778889,1667,1667,2778889,0,8,347361
parallel_chunked,7,10000,1,1,3528105.000000,2042041,2042041,2857,0,0,0,0,0,2042041,1429,1429,2042041,0,1,2042041
parallel_chunked,7,10000,2,1,1425580.000000,2042041,2042041,2857,0,0,0,0,5716,2042041,1429,1429,2042041,0,2,1021020
parallel_chunked,7,10000,4,1,1419533.000000,2042041,2042041,2857,0,0,0,0,11432,2042041,1429,1429,2042041,0,4,510510
parallel_chunked,7,10000,8,1,1549191.000000,2042041,2042041,2857,0,0,0,0,22864,2042041,1429,1429,2042041,0,8,255255
parallel_chunked,8,10000,1,1,2684951.000000,1562500,1562500,2499,0,0,0,0,0,1562500,1250,1250,1562500,0,1,1562500
parallel_chunked,8,10000,2,1,1086864.000000,1562500,1562500,2499,0,0,0,0,5000,1562500,1250,1250,1562500,0,2,781250
parallel_chunked,8,10000,4,1,1185738.000000,1562500,1562500,2499,0,0,0,0,10000,1562500,1250,1250,1562500,0,4,390625
parallel_chunked,8,10000,8,1,1660235.000000,1562500,1562500,2499,0,0,0,0,20000,1562500,1250,1250,1562500,0,8,195312
parallel_chunked,9,10000,1,1,2181267.000000,1236544,1236544,2222,0,0,0,0,0,1236544,1112,1112,1236544,0,1,1236544
parallel_chunked,9,10000,2,1,953932.000000,1236544,1236544,2222,0,0,0,0,4448,1236544,1112,1112,1236544,0,2,618272
parallel_chunked,9,10000,4,1,957675.000000,1236544,1236544,2222,0,0,0,0,8896,1236544,1112,1112,1236544,0,4,309136
parallel_chunked,9,10000,8,1,1136391.000000,1236544,1236544,2222,0,0,0,0,17792,1236544,1112,1112,1236544,0,8,154568
parallel_chunked,10,10000,1,1,1791288.000000,1000000,1000000,1999,0,0,0,0,0,1000000,1000,1000,1000000,0,1,1000000
parallel_chunked,10,10000,2,1,797565.000000,1000000,1000000,1999,0,0,0,0,4000,1000000,1000,1000,1000000,0,2,500000
parallel_chunked,10,10000,4,1,804431.000000,1000000,1000000,1999,0,0,0,0,8000,1000000,1000,1000,1000000,0,4,250000
parallel_chunked,10,10000,8,1,1122369.000000,1000000,1000000,1999,0,0,0,0,16000,1000000,1000,1000,1000000,0,8,125000
boost_cpp_int,0,10000,1,1,637856.000000,0,0,0,0,0,0,0,0,0,0,0,0,0,0,0
schoolbook,0,10000,1,2,114126724.000000,100000000,100000000,19999,0,0,0,0,0,0,0,0,0,0,0,0
karatsuba,0,10000,1,2,33274358.000000,10162851,12383865,502820,989172,9841,6561,0,0,0,0,0,0,8,0,0
chunked,3,10000,1,2,18585197.000000,0,11115556,6666,0,0,0,6668,0,0,3334,3334,11115556,0,0,0
chunked,4,10000,1,2,10821151.000000,0,6250000,4999,0,0,0,5000,0,0,2500,2500,6250000,0,0,0
chunked,5,10000,1,2,6680616.000000,0,4000000,3999,0,0,0,4000,0,0,2000,2000,4000000,0,0,0
chunked,6,10000,1,2,4626464.000000,0,2778889,3333,0,0,0,3334,0,0,1667,1667,2778889,0,0,0
chunked,7,10000,1,2,3429242.000000,0,2042041,2857,0,0,0,2858,0,0,1429,1429,2042041,0,0,0
chunked,8,10000,1,2,2634486.000000,0,1562500,2499,0,0,0,2500,0,0,1250,1250,1562500,0,0,0
chunked,9,10000,1,2,2171874.000000,0,1236544,2222,0,0,0,2224,0,0,1112,1112,1236544,0,0,0
chunked,10,10000,1,2,1793216.000000,0,1000000,1999,0,0,0,2000,0,0,1000,1000,1000000,0,0,0
parallel_chunked,3,10000,1,2,18181919.000000,11115556,11115556,6666,0,0,0,0,0,11115556,3334,3334,11115556,0,1,11115556
parallel_chunked,3,10000,2,2,7506014.000000,11115556,11115556,6666,0,0,0,0,13336,11115556,3334,3334,11115556,0,2,5557778
parallel_chunked,3,10000,4,2,6942647.000000,11115556,11115556,6666,0,0,0,0,26672,11115556,3334,3334,11115556,0,4,2778889
parallel_chunked,3,10000,8,2,6642956.000000,11115556,11115556,6666,0,0,0,0,53344,11115556,3334,3334,11115556,0,8,1389444
parallel_chunked,4,10000,1,2,10385157.000000,6250000,6250000,4999,0,0,0,0,0,6250000,2500,2500,6250000,0,1,6250000
parallel_chunked,4,10000,2,2,4263652.000000,6250000,6250000,4999,0,0,0,0,10000,6250000,2500,2500,6250000,0,2,3125000
parallel_chunked,4,10000,4,2,3797130.000000,6250000,6250000,4999,0,0,0,0,20000,6250000,2500,2500,6250000,0,4,1562500
parallel_chunked,4,10000,8,2,3865613.000000,6250000,6250000,4999,0,0,0,0,40000,6250000,2500,2500,6250000,0,8,781250
parallel_chunked,5,10000,1,2,6622108.000000,4000000,4000000,3999,0,0,0,0,0,4000000,2000,2000,4000000,0,1,4000000
parallel_chunked,5,10000,2,2,2756624.000000,4000000,4000000,3999,0,0,0,0,8000,4000000,2000,2000,4000000,0,2,2000000
parallel_chunked,5,10000,4,2,2471879.000000,4000000,4000000,3999,0,0,0,0,16000,4000000,2000,2000,4000000,0,4,1000000
parallel_chunked,5,10000,8,2,2730996.000000,4000000,4000000,3999,0,0,0,0,32000,4000000,2000,2000,4000000,0,8,500000
parallel_chunked,6,10000,1,2,4634631.000000,2778889,2778889,3333,0,0,0,0,0,2778889,1667,1667,2778889,0,1,2778889
parallel_chunked,6,10000,2,2,1841812.000000,2778889,2778889,3333,0,0,0,0,6668,2778889,1667,1667,2778889,0,2,1389444
parallel_chunked,6,10000,4,2,1770279.000000,2778889,2778889,3333,0,0,0,0,13336,2778889,1667,1667,2778889,0,4,694722
parallel_chunked,6,10000,8,2,2001720.000000,2778889,2778889,3333,0,0,0,0,26672,2778889,1667,1667,2778889,0,8,347361
parallel_chunked,7,10000,1,2,3524224.000000,2042041,2042041,2857,0,0,0,0,0,2042041,1429,1429,2042041,0,1,2042041
parallel_chunked,7,10000,2,2,1598315.000000,2042041,2042041,2857,0,0,0,0,5716,2042041,1429,1429,2042041,0,2,1021020
parallel_chunked,7,10000,4,2,1370380.000000,2042041,2042041,2857,0,0,0,0,11432,2042041,1429,1429,2042041,0,4,510510
parallel_chunked,7,10000,8,2,1520216.000000,2042041,2042041,2857,0,0,0,0,22864,2042041,1429,1429,2042041,0,8,255255
parallel_chunked,8,10000,1,2,2634650.000000,1562500,1562500,2499,0,0,0,0,0,1562500,1250,1250,1562500,0,1,1562500
parallel_chunked,8,10000,2,2,1243095.000000,1562500,1562500,2499,0,0,0,0,5000,1562500,1250,1250,1562500,0,2,781250
parallel_chunked,8,10000,4,2,1090227.000000,1562500,1562500,2499,0,0,0,0,10000,1562500,1250,1250,1562500,0,4,390625
parallel_chunked,8,10000,8,2,1244466.000000,1562500,1562500,2499,0,0,0,0,20000,1562500,1250,1250,1562500,0,8,195312
parallel_chunked,9,10000,1,2,2126127.000000,1236544,1236544,2222,0,0,0,0,0,1236544,1112,1112,1236544,0,1,1236544
parallel_chunked,9,10000,2,2,965961.000000,1236544,1236544,2222,0,0,0,0,4448,1236544,1112,1112,1236544,0,2,618272
parallel_chunked,9,10000,4,2,980570.000000,1236544,1236544,2222,0,0,0,0,8896,1236544,1112,1112,1236544,0,4,309136
parallel_chunked,9,10000,8,2,1468900.000000,1236544,1236544,2222,0,0,0,0,17792,1236544,1112,1112,1236544,0,8,154568
parallel_chunked,10,10000,1,2,1739727.000000,1000000,1000000,1999,0,0,0,0,0,1000000,1000,1000,1000000,0,1,1000000
parallel_chunked,10,10000,2,2,877295.000000,1000000,1000000,1999,0,0,0,0,4000,1000000,1000,1000,1000000,0,2,500000
parallel_chunked,10,10000,4,2,818894.000000,1000000,1000000,1999,0,0,0,0,8000,1000000,1000,1000,1000000,0,4,250000
parallel_chunked,10,10000,8,2,1205112.000000,1000000,1000000,1999,0,0,0,0,16000,1000000,1000,1000,1000000,0,8,125000
boost_cpp_int,0,10000,1,2,637740.000000,0,0,0,0,0,0,0,0,0,0,0,0,0,0,0
schoolbook,0,10000,1,3,120562130.000000,100000000,100000000,19999,0,0,0,0,0,0,0,0,0,0,0,0
karatsuba,0,10000,1,3,33814287.000000,10162071,12383042,502707,989202,9841,6561,0,0,0,0,0,0,8,0,0
chunked,3,10000,1,3,18461119.000000,0,11115556,6666,0,0,0,6668,0,0,3334,3334,11115556,0,0,0
chunked,4,10000,1,3,10549982.000000,0,6250000,4999,0,0,0,5000,0,0,2500,2500,6250000,0,0,0
chunked,5,10000,1,3,6846914.000000,0,4000000,3999,0,0,0,4000,0,0,2000,2000,4000000,0,0,0
chunked,6,10000,1,3,5459290.000000,0,2778889,3333,0,0,0,3334,0,0,1667,1667,2778889,0,0,0
chunked,7,10000,1,3,3410669.000000,0,2042041,2857,0,0,0,2858,0,0,1429,1429,2042041,0,0,0
chunked,8,10000,1,3,2670893.000000,0,1562500,2499,0,0,0,2500,0,0,1250,1250,1562500,0,0,0
chunked,9,10000,1,3,2077252.000000,0,1236544,2222,0,0,0,2224,0,0,1112,1112,1236544,0,0,0
chunked,10,10000,1,3,1848513.000000,0,1000000,1999,0,0,0,2000,0,0,1000,1000,1000000,0,0,0
parallel_chunked,3,10000,1,3,18372585.000000,11115556,11115556,6666,0,0,0,0,0,11115556,3334,3334,11115556,0,1,11115556
parallel_chunked,3,10000,2,3,8046215.000000,11115556,11115556,6666,0,0,0,0,13336,11115556,3334,3334,11115556,0,2,5557778
parallel_chunked,3,10000,4,3,6451846.000000,11115556,11115556,6666,0,0,0,0,26672,11115556,3334,3334,11115556,0,4,2778889
parallel_chunked,3,10000,8,3,8605483.000000,11115556,11115556,6666,0,0,0,0,53344,11115556,3334,3334,11115556,0,8,1389444
parallel_chunked,4,10000,1,3,10637679.000000,6250000,6250000,4999,0,0,0,0,0,6250000,2500,2500,6250000,0,1,6250000
parallel_chunked,4,10000,2,3,4530489.000000,6250000,6250000,4999,0,0,0,0,10000,6250000,2500,2500,6250000,0,2,3125000
parallel_chunked,4,10000,4,3,3813446.000000,6250000,6250000,4999,0,0,0,0,20000,6250000,2500,2500,6250000,0,4,1562500
parallel_chunked,4,10000,8,3,4489804.000000,6250000,6250000,4999,0,0,0,0,40000,6250000,2500,2500,6250000,0,8,781250
parallel_chunked,5,10000,1,3,7009143.000000,4000000,4000000,3999,0,0,0,0,0,4000000,2000,2000,4000000,0,1,4000000
parallel_chunked,5,10000,2,3,2607198.000000,4000000,4000000,3999,0,0,0,0,8000,4000000,2000,2000,4000000,0,2,2000000
parallel_chunked,5,10000,4,3,2457021.000000,4000000,4000000,3999,0,0,0,0,16000,4000000,2000,2000,4000000,0,4,1000000
parallel_chunked,5,10000,8,3,2578816.000000,4000000,4000000,3999,0,0,0,0,32000,4000000,2000,2000,4000000,0,8,500000
parallel_chunked,6,10000,1,3,4800315.000000,2778889,2778889,3333,0,0,0,0,0,2778889,1667,1667,2778889,0,1,2778889
parallel_chunked,6,10000,2,3,1893823.000000,2778889,2778889,3333,0,0,0,0,6668,2778889,1667,1667,2778889,0,2,1389444
parallel_chunked,6,10000,4,3,1746606.000000,2778889,2778889,3333,0,0,0,0,13336,2778889,1667,1667,2778889,0,4,694722
parallel_chunked,6,10000,8,3,1971654.000000,2778889,2778889,3333,0,0,0,0,26672,2778889,1667,1667,2778889,0,8,347361
parallel_chunked,7,10000,1,3,3525362.000000,2042041,2042041,2857,0,0,0,0,0,2042041,1429,1429,2042041,0,1,2042041
parallel_chunked,7,10000,2,3,1509162.000000,2042041,2042041,2857,0,0,0,0,5716,2042041,1429,1429,2042041,0,2,1021020
parallel_chunked,7,10000,4,3,1354986.000000,2042041,2042041,2857,0,0,0,0,11432,2042041,1429,1429,2042041,0,4,510510
parallel_chunked,7,10000,8,3,1496259.000000,2042041,2042041,2857,0,0,0,0,22864,2042041,1429,1429,2042041,0,8,255255
parallel_chunked,8,10000,1,3,2670899.000000,1562500,1562500,2499,0,0,0,0,0,1562500,1250,1250,1562500,0,1,1562500
parallel_chunked,8,10000,2,3,1209440.000000,1562500,1562500,2499,0,0,0,0,5000,1562500,1250,1250,1562500,0,2,781250
parallel_chunked,8,10000,4,3,1083410.000000,1562500,1562500,2499,0,0,0,0,10000,1562500,1250,1250,1562500,0,4,390625
parallel_chunked,8,10000,8,3,1266423.000000,1562500,1562500,2499,0,0,0,0,20000,1562500,1250,1250,1562500,0,8,195312
parallel_chunked,9,10000,1,3,2274566.000000,1236544,1236544,2222,0,0,0,0,0,1236544,1112,1112,1236544,0,1,1236544
parallel_chunked,9,10000,2,3,1059757.000000,1236544,1236544,2222,0,0,0,0,4448,1236544,1112,1112,1236544,0,2,618272
parallel_chunked,9,10000,4,3,1035878.000000,1236544,1236544,2222,0,0,0,0,8896,1236544,1112,1112,1236544,0,4,309136
parallel_chunked,9,10000,8,3,1068827.000000,1236544,1236544,2222,0,0,0,0,17792,1236544,1112,1112,1236544,0,8,154568
parallel_chunked,10,10000,1,3,1849992.000000,1000000,1000000,1999,0,0,0,0,0,1000000,1000,1000,1000000,0,1,1000000
parallel_chunked,10,10000,2,3,882477.000000,1000000,1000000,1999,0,0,0,0,4000,1000000,1000,1000,1000000,0,2,500000
parallel_chunked,10,10000,4,3,786659.000000,1000000,1000000,1999,0,0,0,0,8000,1000000,1000,1000,1000000,0,4,250000
parallel_chunked,10,10000,8,3,1108215.000000,1000000,1000000,1999,0,0,0,0,16000,1000000,1000,1000,1000000,0,8,125000
boost_cpp_int,0,10000,1,3,709017.000000,0,0,0,0,0,0,0,0,0,0,0,0,0,0,0
schoolbook,0,10000,1,4,110113254.000000,100000000,100000000,19998,0,0,0,0,0,0,0,0,0,0,0,0
karatsuba,0,10000,1,4,33618233.000000,10160896,12381783,502748,989099,9841,6561,0,0,0,0,0,0,8,0,0
chunked,3,10000,1,4,18405637.000000,0,11115556,6666,0,0,0,6668,0,0,3334,3334,11115556,0,0,0
chunked,4,10000,1,4,10500214.000000,0,6250000,4999,0,0,0,5000,0,0,2500,2500,6250000,0,0,0
chunked,5,10000,1,4,6706801.000000,0,4000000,3999,0,0,0,4000,0,0,2000,2000,4000000,0,0,0
chunked,6,10000,1,4,4580650.000000,0,2778889,3333,0,0,0,3334,0,0,1667,1667,2778889,0,0,0
chunked,7,10000,1,4,3280126.000000,0,2042041,2857,0,0,0,2858,0,0,1429,1429,2042041,0,0,0
chunked,8,10000,1,4,2655183.000000,0,1562500,2499,0,0,0,2500,0,0,1250,1250,1562500,0,0,0
chunked,9,10000,1,4,2019759.000000,0,1236544,2222,0,0,0,2224,0,0,1112,1112,1236544,0,0,0
chunked,10,10000,1,4,1788620.000000,0,1000000,1999,0,0,0,2000,0,0,1000,1000,1000000,0,0,0
parallel_chunked,3,10000,1,4,18285446.000000,11115556,11115556,6666,0,0,0,0,0,11115556,3334,3334,11115556,0,1,11115556
parallel_chunked,3,10000,2,4,7605174.000000,11115556,11115556,6666,0,0,0,0,13336,11115556,3334,3334,11115556,0,2,5557778
parallel_chunked,3,10000,4,4,6481814.000000,11115556,11115556,6666,0,0,0,0,26672,11115556,3334,3334,11115556,0,4,2778889
parallel_chunked,3,10000,8,4,6617183.000000,11115556,11115556,6666,0,0,0,0,53344,11115556,3334,3334,11115556,0,8,1389444
parallel_chunked,4,10000,1,4,10423834.000000,6250000,6250000,4999,0,0,0,0,0,6250000,2500,2500,6250000,0,1,6250000
parallel_chunked,4,10000,2,4,4013065.000000,6250000,6250000,4999,0,0,0,0,10000,6250000,2500,2500,6250000,0,2,3125000
parallel_chunked,4,10000,4,4,3780231.000000,6250000,6250000,4999,0,0,0,0,20000,6250000,2500,2500,6250000,0,4,1562500
parallel_chunked,4,10000,8,4,3930889.000000,6250000,6250000,4999,0,0,0,0,40000,6250000,2500,2500,6250000,0,8,781250
parallel_chunked,5,10000,1,4,6767443.000000,4000000,4000000,3999,0,0,0,0,0,4000000,2000,2000,4000000,0,1,4000000
parallel_chunked,5,10000,2,4,3037127.000000,4000000,4000000,3999,0,0,0,0,8000,4000000,2000,2000,4000000,0,2,2000000
parallel_chunked,5,10000,4,4,2529967.000000,4000000,4000000,3999,0,0,0,0,16000,4000000,2000,2000,4000000,0,4,1000000
parallel_chunked,5,10000,8,4,2647443.000000,4000000,4000000,3999,0,0,0,0,32000,4000000,2000,2000,4000000,0,8,500000
parallel_chunked,6,10000,1,4,4651291.000000,2778889,2778889,3333,0,0,0,0,0,2778889,1667,1667,2778889,0,1,2778889
parallel_chunked,6,10000,2,4,2126485.000000,2778889,2778889,3333,0,0,0,0,6668,2778889,1667,1667,2778889,0,2,1389444
parallel_chunked,6,10000,4,4,1773141.000000,2778889,2778889,3333,0,0,0,0,13336,2778889,1667,1667,2778889,0,4,694722
parallel_chunked,6,10000,8,4,2051478.000000,2778889,2778889,3333,0,0,0,0,26672,2778889,1667,1667,2778889,0,8,347361
parallel_chunked,7,10000,1,4,3482191.000000,2042041,2042041,2857,0,0,0,0,0,2042041,1429,1429,2042041,0,1,2042041
parallel_chunked,7,10000,2,4,1610752.000000,2042041,2042041,2857,0,0,0,0,5716,2042041,1429,1429,2042041,0,2,1021020
parallel_chunked,7,10000,4,4,1362038.000000,2042041,2042041,2857,0,0,0,0,11432,2042041,1429,1429,2042041,0,4,510510
parallel_chunked,7,10000,8,4,1485314.000000,2042041,2042041,2857,0,0,0,0,22864,2042041,1429,1429,2042041,0,8,255255
parallel_chunked,8,10000,1,4,2586251.000000,1562500,1562500,2499,0,0,0,0,0,1562500,1250,1250,1562500,0,1,1562500
parallel_chunked,8,10000,2,4,1216802.000000,1562500,1562500,2499,0,0,0,0,5000,1562500,1250,1250,1562500,0,2,781250
parallel_chunked,8,10000,4,4,1136114.000000,1562500,1562500,2499,0,0,0,0,10000,1562500,1250,1250,1562500,0,4,390625
parallel_chunked,8,10000,8,4,1658297.000000,1562500,1562500,2499,0,0,0,0,20000,1562500,1250,1250,1562500,0,8,195312
parallel_chunked,9,10000,1,4,2147304.000000,1236544,1236544,2222,0,0,0,0,0,1236544,1112,1112,1236544,0,1,1236544
parallel_chunked,9,10000,2,4,954577.000000,1236544,1236544,2222,0,0,0,0,4448,1236544,1112,1112,1236544,0,2,618272
parallel_chunked,9,10000,4,4,970621.000000,1236544,1236544,2222,0,0,0,0,8896,1236544,1112,1112,1236544,0,4,309136
parallel_chunked,9,10000,8,4,1430756.000000,1236544,1236544,2222,0,0,0,0,17792,1236544,1112,1112,1236544,0,8,154568
parallel_chunked,10,10000,1,4,1787289.000000,1000000,1000000,1999,0,0,0,0,0,1000000,1000,1000,1000000,0,1,1000000
parallel_chunked,10,10000,2,4,818119.000000,1000000,1000000,1999,0,0,0,0,4000,1000000,1000,1000,1000000,0,2,500000
parallel_chunked,10,10000,4,4,838932.000000,1000000,1000000,1999,0,0,0,0,8000,1000000,1000,1000,1000000,0,4,250000
parallel_chunked,10,10000,8,4,1101119.000000,1000000,1000000,1999,0,0,0,0,16000,1000000,1000,1000,1000000,0,8,125000
boost_cpp_int,0,10000,1,4,664887.000000,0,0,0,0,0,0,0,0,0,0,0,0,0,0,0
schoolbook,0,10000,1,5,111509367.000000,100000000,100000000,19999,0,0,0,0,0,0,0,0,0,0,0,0
karatsuba,0,10000,1,5,37690622.000000,10158716,12379399,502580,989034,9841,6561,0,0,0,0,0,0,8,0,0
chunked,3,10000,1,5,18852878.000000,0,11115556,6666,0,0,0,6668,0,0,3334,3334,11115556,0,0,0
chunked,4,10000,1,5,10692243.000000,0,6250000,4999,0,0,0,5000,0,0,2500,2500,6250000,0,0,0
chunked,5,10000,1,5,6811290.000000,0,4000000,3999,0,0,0,4000,0,0,2000,2000,4000000,0,0,0
chunked,6,10000,1,5,4619463.000000,0,2778889,3333,0,0,0,3334,0,0,1667,1667,2778889,0,0,0
chunked,7,10000,1,5,3241510.000000,0,2042041,2857,0,0,0,2858,0,0,1429,1429,2042041,0,0,0
chunked,8,10000,1,5,2668634.000000,0,1562500,2499,0,0,0,2500,0,0,1250,1250,1562500,0,0,0
chunked,9,10000,1,5,2175563.000000,0,1236544,2222,0,0,0,2224,0,0,1112,1112,1236544,0,0,0
chunked,10,10000,1,5,1788516.000000,0,1000000,1999,0,0,0,2000,0,0,1000,1000,1000000,0,0,0
parallel_chunked,3,10000,1,5,22418302.000000,11115556,11115556,6666,0,0,0,0,0,11115556,3334,3334,11115556,0,1,11115556
parallel_chunked,3,10000,2,5,16398049.000000,11115556,11115556,6666,0,0,0,0,13336,11115556,3334,3334,11115556,0,2,5557778
parallel_chunked,3,10000,4,5,7005123.000000,11115556,11115556,6666,0,0,0,0,26672,11115556,3334,3334,11115556,0,4,2778889
parallel_chunked,3,10000,8,5,6629648.000000,11115556,11115556,6666,0,0,0,0,53344,11115556,3334,3334,11115556,0,8,1389444
parallel_chunked,4,10000,1,5,10630773.000000,6250000,6250000,4999,0,0,0,0,0,6250000,2500,2500,6250000,0,1,6250000
parallel_chunked,4,10000,2,5,7439481.000000,6250000,6250000,4999,0,0,0,0,10000,6250000,2500,2500,6250000,0,2,3125000
parallel_chunked,4,10000,4,5,3798707.000000,6250000,6250000,4999,0,0,0,0,20000,6250000,2500,2500,6250000,0,4,1562500
parallel_chunked,4,10000,8,5,4037711.000000,6250000,6250000,4999,0,0,0,0,40000,6250000,2500,2500,6250000,0,8,781250
parallel_chunked,5,10000,1,5,6877263.000000,4000000,4000000,3999,0,0,0,0,0,4000000,2000,2000,4000000,0,1,4000000
parallel_chunked,5,10000,2,5,2609863.000000,4000000,4000000,3999,0,0,0,0,8000,4000000,2000,2000,4000000,0,2,2000000
parallel_chunked,5,10000,4,5,2913932.000000,4000000,4000000,3999,0,0,0,0,16000,4000000,2000,2000,4000000,0,4,1000000
parallel_chunked,5,10000,8,5,2681594.000000,4000000,4000000,3999,0,0,0,0,32000,4000000,2000,2000,4000000,0,8,500000
parallel_chunked,6,10000,1,5,4633622.000000,2778889,2778889,3333,0,0,0,0,0,2778889,1667,1667,2778889,0,1,2778889
parallel_chunked,6,10000,2,5,2232374.000000,2778889,2778889,3333,0,0,0,0,6668,2778889,1667,1667,2778889,0,2,1389444
parallel_chunked,6,10000,4,5,1774580.000000,2778889,2778889,3333,0,0,0,0,13336,2778889,1667,1667,2778889,0,4,694722
parallel_chunked,6,10000,8,5,1933618.000000,2778889,2778889,3333,0,0,0,0,26672,2778889,1667,1667,2778889,0,8,347361
parallel_chunked,7,10000,1,5,3442364.000000,2042041,2042041,2857,0,0,0,0,0,2042041,1429,1429,2042041,0,1,2042041
parallel_chunked,7,10000,2,5,1617920.000000,2042041,2042041,2857,0,0,0,0,5716,2042041,1429,1429,2042041,0,2,1021020
parallel_chunked,7,10000,4,5,1361850.000000,2042041,2042041,2857,0,0,0,0,11432,2042041,1429,1429,2042041,0,4,510510
parallel_chunked,7,10000,8,5,1482011.000000,2042041,2042041,2857,0,0,0,0,22864,2042041,1429,1429,2042041,0,8,255255
parallel_chunked,8,10000,1,5,2681730.000000,1562500,1562500,2499,0,0,0,0,0,1562500,1250,1250,1562500,0,1,1562500
parallel_chunked,8,10000,2,5,1219308.000000,1562500,1562500,2499,0,0,0,0,5000,1562500,1250,1250,1562500,0,2,781250
parallel_chunked,8,10000,4,5,1168840.000000,1562500,1562500,2499,0,0,0,0,10000,1562500,1250,1250,1562500,0,4,390625
parallel_chunked,8,10000,8,5,1482759.000000,1562500,1562500,2499,0,0,0,0,20000,1562500,1250,1250,1562500,0,8,195312
parallel_chunked,9,10000,1,5,2119286.000000,1236544,1236544,2222,0,0,0,0,0,1236544,1112,1112,1236544,0,1,1236544
parallel_chunked,9,10000,2,5,1039202.000000,1236544,1236544,2222,0,0,0,0,4448,1236544,1112,1112,1236544,0,2,618272
parallel_chunked,9,10000,4,5,959490.000000,1236544,1236544,2222,0,0,0,0,8896,1236544,1112,1112,1236544,0,4,309136
parallel_chunked,9,10000,8,5,1378950.000000,1236544,1236544,2222,0,0,0,0,17792,1236544,1112,1112,1236544,0,8,154568
parallel_chunked,10,10000,1,5,1766994.000000,1000000,1000000,1999,0,0,0,0,0,1000000,1000,1000,1000000,0,1,1000000
parallel_chunked,10,10000,2,5,810795.000000,1000000,1000000,1999,0,0,0,0,4000,1000000,1000,1000,1000000,0,2,500000
parallel_chunked,10,10000,4,5,831084.000000,1000000,1000000,1999,0,0,0,0,8000,1000000,1000,1000,1000000,0,4,250000
parallel_chunked,10,10000,8,5,973775.000000,1000000,1000000,1999,0,0,0,0,16000,1000000,1000,1000,1000000,0,8,125000
boost_cpp_int,0,10000,1,5,639465.000000,0,0,0,0,0,0,0,0,0,0,0,0,0,0,0
schoolbook,0,25000,1,1,693278401.000000,625000000,625000000,49999,0,0,0,0,0,0,0,0,0,0,0,0
karatsuba,0,25000,1,1,136410937.000000,47469045,55905510,1891133,3755489,29524,19683,0,0,0,0,0,0,9,0,0
chunked,3,25000,1,1,120648793.000000,0,69455556,16666,0,0,0,16668,0,0,8334,8334,69455556,0,0,0
chunked,4,25000,1,1,64616336.000000,0,39062500,12499,0,0,0,12500,0,0,6250,6250,39062500,0,0,0
chunked,5,25000,1,1,42291711.000000,0,25000000,9999,0,0,0,10000,0,0,5000,5000,25000000,0,0,0
chunked,6,25000,1,1,29012990.000000,0,17363889,8333,0,0,0,8334,0,0,4167,4167,17363889,0,0,0
chunked,7,25000,1,1,21043588.000000,0,12759184,7142,0,0,0,7144,0,0,3572,3572,12759184,0,0,0
chunked,8,25000,1,1,16579899.000000,0,9765625,6249,0,0,0,6250,0,0,3125,3125,9765625,0,0,0
chunked,9,25000,1,1,13176986.000000,0,7717284,5555,0,0,0,5556,0,0,2778,2778,7717284,0,0,0
chunked,10,25000,1,1,11487391.000000,0,6250000,4999,0,0,0,5000,0,0,2500,2500,6250000,0,0,0
parallel_chunked,3,25000,1,1,114565087.000000,69455556,69455556,16666,0,0,0,0,0,69455556,8334,8334,69455556,0,1,69455556
parallel_chunked,3,25000,2,1,44088743.000000,69455556,69455556,16666,0,0,0,0,33336,69455556,8334,8334,69455556,0,2,34727778
parallel_chunked,3,25000,4,1,45155097.000000,69455556,69455556,16666,0,0,0,0,66672,69455556,8334,8334,69455556,0,4,17363889
parallel_chunked,3,25000,8,1,41236501.000000,69455556,69455556,16666,0,0,0,0,133344,69455556,8334,8334,69455556,0,8,8681944
parallel_chunked,4,25000,1,1,64452273.000000,39062500,39062500,12499,0,0,0,0,0,39062500,6250,6250,39062500,0,1,39062500
parallel_chunked,4,25000,2,1,24892864.000000,39062500,39062500,12499,0,0,0,0,25000,39062500,6250,6250,39062500,0,2,19531250
parallel_chunked,4,25000,4,1,22906371.000000,39062500,39062500,12499,0,0,0,0,50000,39062500,6250,6250,39062500,0,4,9765625
parallel_chunked,4,25000,8,1,24586590.000000,39062500,39062500,12499,0,0,0,0,100000,39062500,6250,6250,39062500,0,8,4882812
parallel_chunked,5,25000,1,1,41645912.000000,25000000,25000000,9999,0,0,0,0,0,25000000,5000,5000,25000000,0,1,25000000
parallel_chunked,5,25000,2,1,15589425.000000,25000000,25000000,9999,0,0,0,0,20000,25000000,5000,5000,25000000,0,2,12500000
parallel_chunked,5,25000,4,1,14470729.000000,25000000,25000000,9999,0,0,0,0,40000,25000000,5000,5000,25000000,0,4,6250000
parallel_chunked,5,25000,8,1,16471123.000000,25000000,25000000,9999,0,0,0,0,80000,25000000,5000,5000,25000000,0,8,3125000
parallel_chunked,6,25000,1,1,29113620.000000,17363889,17363889,8333,0,0,0,0,0,17363889,4167,4167,17363889,0,1,17363889
parallel_chunked,6,25000,2,1,10874260.000000,17363889,17363889,8333,0,0,0,0,16668,17363889,4167,4167,17363889,0,2,8681944
parallel_chunked,6,25000,4,1,10069963.000000,17363889,17363889,8333,0,0,0,0,33336,17363889,4167,4167,17363889,0,4,4340972
parallel_chunked,6,25000,8,1,10256767.000000,17363889,17363889,8333,0,0,0,0,66672,17363889,4167,4167,17363889,0,8,2170486
parallel_chunked,7,25000,1,1,21613782.000000,12759184,12759184,7142,0,0,0,0,0,12759184,3572,3572,12759184,0,1,12759184
parallel_chunked,7,25000,2,1,8094294.000000,12759184,12759184,7142,0,0,0,0,14288,12759184,3572,3572,12759184,0,2,6379592
parallel_chunked,7,25000,4,1,7507943.000000,12759184,12759184,7142,0,0,0,0,28576,12759184,3572,3572,12759184,0,4,3189796
parallel_chunked,7,25000,8,1,7846174.000000,12759184,12759184,7142,0,0,0,0,57152,12759184,3572,3572,12759184,0,8,1594898
parallel_chunked,8,25000,1,1,16293941.000000,9765625,9765625,6249,0,0,0,0,0,9765625,3125,3125,9765625,0,1,9765625
parallel_chunked,8,25000,2,1,6813543.000000,9765625,9765625,6249,0,0,0,0,12500,9765625,3125,3125,9765625,0,2,4882812
parallel_chunked,8,25000,4,1,5868522.000000,9765625,9765625,6249,0,0,0,0,25000,9765625,3125,3125,9765625,0,4,2441406
parallel_chunked,8,25000,8,1,5915012.000000,9765625,9765625,6249,0,0,0,0,50000,9765625,3125,3125,9765625,0,8,1220703
parallel_chunked,9,25000,1,1,13241258.000000,7717284,7717284,5555,0,0,0,0,0,7717284,2778,2778,7717284,0,1,7717284
parallel_chunked,9,25000,2,1,5696668.000000,7717284,7717284,5555,0,0,0,0,11112,7717284,2778,2778,7717284,0,2,3858642
parallel_chunked,9,25000,4,1,4736042.000000,7717284,7717284,5555,0,0,0,0,22224,7717284,2778,2778,7717284,0,4,1929321
parallel_chunked,9,25000,8,1,4932448.000000,7717284,7717284,5555,0,0,0,0,44448,7717284,2778,2778,7717284,0,8,964660
parallel_chunked,10,25000,1,1,10668681.000000,6250000,6250000,4999,0,0,0,0,0,6250000,2500,2500,6250000,0,1,6250000
parallel_chunked,10,25000,2,1,4213080.000000,6250000,6250000,4999,0,0,0,0,10000,6250000,2500,2500,6250000,0,2,3125000
parallel_chunked,10,25000,4,1,3886219.000000,6250000,6250000,4999,0,0,0,0,20000,6250000,2500,2500,6250000,0,4,1562500
parallel_chunked,10,25000,8,1,4030911.000000,6250000,6250000,4999,0,0,0,0,40000,6250000,2500,2500,6250000,0,8,781250
boost_cpp_int,0,25000,1,1,4296047.000000,0,0,0,0,0,0,0,0,0,0,0,0,0,0,0
schoolbook,0,25000,1,2,691503637.000000,625000000,625000000,49999,0,0,0,0,0,0,0,0,0,0,0,0
karatsuba,0,25000,1,2,133353916.000000,47471431,55908280,1891577,3755815,29524,19683,0,0,0,0,0,0,9,0,0
chunked,3,25000,1,2,116499399.000000,0,69455556,16666,0,0,0,16668,0,0,8334,8334,69455556,0,0,0
chunked,4,25000,1,2,65505510.000000,0,39062500,12499,0,0,0,12500,0,0,6250,6250,39062500,0,0,0
chunked,5,25000,1,2,43220194.000000,0,25000000,9999,0,0,0,10000,0,0,5000,5000,25000000,0,0,0
chunked,6,25000,1,2,28929153.000000,0,17363889,8333,0,0,0,8334,0,0,4167,4167,17363889,0,0,0
chunked,7,25000,1,2,21875428.000000,0,12759184,7142,0,0,0,7144,0,0,3572,3572,12759184,0,0,0
chunked,8,25000,1,2,16730862.000000,0,9765625,6249,0,0,0,6250,0,0,3125,3125,9765625,0,0,0
chunked,9,25000,1,2,13232704.000000,0,7717284,5555,0,0,0,5556,0,0,2778,2778,7717284,0,0,0
chunked,10,25000,1,2,10795752.000000,0,6250000,4999,0,0,0,5000,0,0,2500,2500,6250000,0,0,0
parallel_chunked,3,25000,1,2,115556441.000000,69455556,69455556,16666,0,0,0,0,0,69455556,8334,8334,69455556,0,1,69455556
parallel_chunked,3,25000,2,2,43104292.000000,69455556,69455556,16666,0,0,0,0,33336,69455556,8334,8334,69455556,0,2,34727778
parallel_chunked,3,25000,4,2,40578622.000000,69455556,69455556,16666,0,0,0,0,66672,69455556,8334,8334,69455556,0,4,17363889
parallel_chunked,3,25000,8,2,41264656.000000,69455556,69455556,16666,0,0,0,0,133344,69455556,8334,8334,69455556,0,8,8681944
parallel_chunked,4,25000,1,2,65061013.000000,39062500,39062500,12499,0,0,0,0,0,39062500,6250,6250,39062500,0,1,39062500
parallel_chunked,4,25000,2,2,25689911.000000,39062500,39062500,12499,0,0,0,0,25000,39062500,6250,6250,39062500,0,2,19531250
parallel_chunked,4,25000,4,2,22448857.000000,39062500,39062500,12499,0,0,0,0,50000,39062500,6250,6250,39062500,0,4,9765625
parallel_chunked,4,25000,8,2,29124576.000000,39062500,39062500,12499,0,0,0,0,100000,39062500,6250,6250,39062500,0,8,4882812
parallel_chunked,5,25000,1,2,41886257.000000,25000000,25000000,9999,0,0,0,0,0,25000000,5000,5000,25000000,0,1,25000000
parallel_chunked,5,25000,2,2,15579056.000000,25000000,25000000,9999,0,0,0,0,20000,25000000,5000,5000,25000000,0,2,12500000
parallel_chunked,5,25000,4,2,14386623.000000,25000000,25000000,9999,0,0,0,0,40000,25000000,5000,5000,25000000,0,4,6250000
parallel_chunked,5,25000,8,2,16769234.000000,25000000,25000000,9999,0,0,0,0,80000,25000000,5000,5000,25000000,0,8,3125000
parallel_chunked,6,25000,1,2,28898883.000000,17363889,17363889,8333,0,0,0,0,0,17363889,4167,4167,17363889,0,1,17363889
parallel_chunked,6,25000,2,2,12666244.000000,17363889,17363889,8333,0,0,0,0,16668,17363889,4167,4167,17363889,0,2,8681944
parallel_chunked,6,25000,4,2,10038239.000000,17363889,17363889,8333,0,0,0,0,33336,17363889,4167,4167,17363889,0,4,4340972
parallel_chunked,6,25000,8,2,10266402.000000,17363889,17363889,8333,0,0,0,0,66672,17363889,4167,4167,17363889,0,8,2170486
parallel_chunked,7,25000,1,2,21265118.000000,12759184,12759184,7142,0,0,0,0,0,12759184,3572,3572,12759184,0,1,12759184
parallel_chunked,7,25000,2,2,8538368.000000,12759184,12759184,7142,0,0,0,0,14288,12759184,3572,3572,12759184,0,2,6379592
parallel_chunked,7,25000,4,2,7482200.000000,12759184,12759184,7142,0,0,0,0,28576,12759184,3572,3572,12759184,0,4,3189796
parallel_chunked,7,25000,8,2,7632672.000000,12759184,12759184,7142,0,0,0,0,57152,12759184,3572,3572,12759184,0,8,1594898
parallel_chunked,8,25000,1,2,16605329.000000,9765625,9765625,6249,0,0,0,0,0,9765625,3125,3125,9765625,0,1,9765625
parallel_chunked,8,25000,2,2,6282139.000000,9765625,9765625,6249,0,0,0,0,12500,9765625,3125,3125,9765625,0,2,4882812
parallel_chunked,8,25000,4,2,5875066.000000,9765625,9765625,6249,0,0,0,0,25000,9765625,3125,3125,9765625,0,4,2441406
parallel_chunked,8,25000,8,2,5977026.000000,9765625,9765625,6249,0,0,0,0,50000,9765625,3125,3125,9765625,0,8,1220703
parallel_chunked,9,25000,1,2,13269123.000000,7717284,7717284,5555,0,0,0,0,0,7717284,2778,2778,7717284,0,1,7717284
parallel_chunked,9,25000,2,2,5323631.000000,7717284,7717284,5555,0,0,0,0,11112,7717284,2778,2778,7717284,0,2,3858642
parallel_chunked,9,25000,4,2,4743743.000000,7717284,7717284,5555,0,0,0,0,22224,7717284,2778,2778,7717284,0,4,1929321
parallel_chunked,9,25000,8,2,4941197.000000,7717284,7717284,5555,0,0,0,0,44448,7717284,2778,2778,7717284,0,8,964660
parallel_chunked,10,25000,1,2,10638364.000000,6250000,6250000,4999,0,0,0,0,0,6250000,2500,2500,6250000,0,1,6250000
parallel_chunked,10,25000,2,2,4447418.000000,6250000,6250000,4999,0,0,0,0,10000,6250000,2500,2500,6250000,0,2,3125000
parallel_chunked,10,25000,4,2,3969115.000000,6250000,6250000,4999,0,0,0,0,20000,6250000,2500,2500,6250000,0,4,1562500
parallel_chunked,10,25000,8,2,4045990.000000,6250000,6250000,4999,0,0,0,0,40000,6250000,2500,2500,6250000,0,8,781250
boost_cpp_int,0,25000,1,2,4097126.000000,0,0,0,0,0,0,0,0,0,0,0,0,0,0,0
schoolbook,0,25000,1,3,690499846.000000,625000000,625000000,49999,0,0,0,0,0,0,0,0,0,0,0,0
karatsuba,0,25000,1,3,134819226.000000,47476999,55913706,1891320,3755692,29524,19683,0,0,0,0,0,0,9,0,0
chunked,3,25000,1,3,118113898.000000,0,69455556,16666,0,0,0,16668,0,0,8334,8334,69455556,0,0,0
chunked,4,25000,1,3,65816959.000000,0,39062500,12499,0,0,0,12500,0,0,6250,6250,39062500,0,0,0
chunked,5,25000,1,3,42359297.000000,0,25000000,9999,0,0,0,10000,0,0,5000,5000,25000000,0,0,0
chunked,6,25000,1,3,29365300.000000,0,17363889,8333,0,0,0,8334,0,0,4167,4167,17363889,0,0,0
chunked,7,25000,1,3,21412907.000000,0,12759184,7142,0,0,0,7144,0,0,3572,3572,12759184,0,0,0
chunked,8,25000,1,3,16399404.000000,0,9765625,6249,0,0,0,6250,0,0,3125,3125,9765625,0,0,0
chunked,9,25000,1,3,13233050.000000,0,7717284,5555,0,0,0,5556,0,0,2778,2778,7717284,0,0,0
chunked,10,25000,1,3,10743981.000000,0,6250000,4999,0,0,0,5000,0,0,2500,2500,6250000,0,0,0
parallel_chunked,3,25000,1,3,119603548.000000,69455556,69455556,16666,0,0,0,0,0,69455556,8334,8334,69455556,0,1,69455556
parallel_chunked,3,25000,2,3,43299478.000000,69455556,69455556,16666,0,0,0,0,33336,69455556,8334,8334,69455556,0,2,34727778
parallel_chunked,3,25000,4,3,40432020.000000,69455556,69455556,16666,0,0,0,0,66672,69455556,8334,8334,69455556,0,4,17363889
parallel_chunked,3,25000,8,3,43036265.000000,69455556,69455556,16666,0,0,0,0,133344,69455556,8334,8334,69455556,0,8,8681944
parallel_chunked,4,25000,1,3,64962743.000000,39062500,39062500,12499,0,0,0,0,0,39062500,6250,6250,39062500,0,1,39062500
parallel_chunked,4,25000,2,3,24548560.000000,39062500,39062500,12499,0,0,0,0,25000,39062500,6250,6250,39062500,0,2,19531250
parallel_chunked,4,25000,4,3,22569315.000000,39062500,39062500,12499,0,0,0,0,50000,39062500,6250,6250,39062500,0,4,9765625
parallel_chunked,4,25000,8,3,22950527.000000,39062500,39062500,12499,0,0,0,0,100000,39062500,6250,6250,39062500,0,8,4882812
parallel_chunked,5,25000,1,3,41794328.000000,25000000,25000000,9999,0,0,0,0,0,25000000,5000,5000,25000000,0,1,25000000
parallel_chunked,5,25000,2,3,15664164.000000,25000000,25000000,9999,0,0,0,0,20000,25000000,5000,5000,25000000,0,2,12500000
parallel_chunked,5,25000,4,3,14545579.000000,25000000,25000000,9999,0,0,0,0,40000,25000000,5000,5000,25000000,0,4,6250000
parallel_chunked,5,25000,8,3,15261393.000000,25000000,25000000,9999,0,0,0,0,80000,25000000,5000,5000,25000000,0,8,3125000
parallel_chunked,6,25000,1,3,28751326.000000,17363889,17363889,8333,0,0,0,0,0,17363889,4167,4167,17363889,0,1,17363889
parallel_chunked,6,25000,2,3,11058799.000000,17363889,17363889,8333,0,0,0,0,16668,17363889,4167,4167,17363889,0,2,8681944
parallel_chunked,6,25000,4,3,10153371.000000,17363889,17363889,8333,0,0,0,0,33336,17363889,4167,4167,17363889,0,4,4340972
parallel_chunked,6,25000,8,3,10170425.000000,17363889,17363889,8333,0,0,0,0,66672,17363889,4167,4167,17363889,0,8,2170486
parallel_chunked,7,25000,1,3,21244197.000000,12759184,12759184,7142,0,0,0,0,0,12759184,3572,3572,12759184,0,1,12759184
parallel_chunked,7,25000,2,3,8399286.000000,12759184,12759184,7142,0,0,0,0,14288,12759184,3572,3572,12759184,0,2,6379592
parallel_chunked,7,25000,4,3,7522641.000000,12759184,12759184,7142,0,0,0,0,28576,12759184,3572,3572,12759184,0,4,3189796
parallel_chunked,7,25000,8,3,7659598.000000,12759184,12759184,7142,0,0,0,0,57152,12759184,3572,3572,12759184,0,8,1594898
parallel_chunked,8,25000,1,3,16837980.000000,9765625,9765625,6249,0,0,0,0,0,9765625,3125,3125,9765625,0,1,9765625
parallel_chunked,8,25000,2,3,8262809.000000,9765625,9765625,6249,0,0,0,0,12500,9765625,3125,3125,9765625,0,2,4882812
parallel_chunked,8,25000,4,3,5817441.000000,9765625,9765625,6249,0,0,0,0,25000,9765625,3125,3125,9765625,0,4,2441406
parallel_chunked,8,25000,8,3,6031696.000000,9765625,9765625,6249,0,0,0,0,50000,9765625,3125,3125,9765625,0,8,1220703
parallel_chunked,9,25000,1,3,13148092.000000,7717284,7717284,5555,0,0,0,0,0,7717284,2778,2778,7717284,0,1,7717284
parallel_chunked,9,25000,2,3,5140672.000000,7717284,7717284,5555,0,0,0,0,11112,7717284,2778,2778,7717284,0,2,3858642
parallel_chunked,9,25000,4,3,4715071.000000,7717284,7717284,5555,0,0,0,0,22224,7717284,2778,2778,7717284,0,4,1929321
parallel_chunked,9,25000,8,3,4946134.000000,7717284,7717284,5555,0,0,0,0,44448,7717284,2778,2778,7717284,0,8,964660
parallel_chunked,10,25000,1,3,10523972.000000,6250000,6250000,4999,0,0,0,0,0,6250000,2500,2500,6250000,0,1,6250000
parallel_chunked,10,25000,2,3,4515654.000000,6250000,6250000,4999,0,0,0,0,10000,6250000,2500,2500,6250000,0,2,3125000
parallel_chunked,10,25000,4,3,3954831.000000,6250000,6250000,4999,0,0,0,0,20000,6250000,2500,2500,6250000,0,4,1562500
parallel_chunked,10,25000,8,3,4096714.000000,6250000,6250000,4999,0,0,0,0,40000,6250000,2500,2500,6250000,0,8,781250
boost_cpp_int,0,25000,1,3,4104153.000000,0,0,0,0,0,0,0,0,0,0,0,0,0,0,0
schoolbook,0,25000,1,4,691173564.000000,625000000,625000000,49999,0,0,0,0,0,0,0,0,0,0,0,0
karatsuba,0,25000,1,4,133567923.000000,47483356,55920632,1891437,3756012,29524,19683,0,0,0,0,0,0,9,0,0
chunked,3,25000,1,4,119153746.000000,0,69455556,16666,0,0,0,16668,0,0,8334,8334,69455556,0,0,0
chunked,4,25000,1,4,65711836.000000,0,39062500,12499,0,0,0,12500,0,0,6250,6250,39062500,0,0,0
chunked,5,25000,1,4,41962942.000000,0,25000000,9999,0,0,0,10000,0,0,5000,5000,25000000,0,0,0
chunked,6,25000,1,4,29227811.000000,0,17363889,8333,0,0,0,8334,0,0,4167,4167,17363889,0,0,0
chunked,7,25000,1,4,21586245.000000,0,12759184,7142,0,0,0,7144,0,0,3572,3572,12759184,0,0,0
chunked,8,25000,1,4,16503482.000000,0,9765625,6249,0,0,0,6250,0,0,3125,3125,9765625,0,0,0
chunked,9,25000,1,4,13071660.000000,0,7717284,5555,0,0,0,5556,0,0,2778,2778,7717284,0,0,0
chunked,10,25000,1,4,10850568.000000,0,6250000,4999,0,0,0,5000,0,0,2500,2500,6250000,0,0,0
parallel_chunked,3,25000,1,4,115279532.000000,69455556,69455556,16666,0,0,0,0,0,69455556,8334,8334,69455556,0,1,69455556
parallel_chunked,3,25000,2,4,43291913.000000,69455556,69455556,16666,0,0,0,0,33336,69455556,8334,8334,69455556,0,2,34727778
parallel_chunked,3,25000,4,4,40088895.000000,69455556,69455556,16666,0,0,0,0,66672,69455556,8334,8334,69455556,0,4,17363889
parallel_chunked,3,25000,8,4,43224862.000000,69455556,69455556,16666,0,0,0,0,133344,69455556,8334,8334,69455556,0,8,8681944
parallel_chunked,4,25000,1,4,67113299.000000,39062500,39062500,12499,0,0,0,0,0,39062500,6250,6250,39062500,0,1,39062500
parallel_chunked,4,25000,2,4,24700982.000000,39062500,39062500,12499,0,0,0,0,25000,39062500,6250,6250,39062500,0,2,19531250
parallel_chunked,4,25000,4,4,22446875.000000,39062500,39062500,12499,0,0,0,0,50000,39062500,6250,6250,39062500,0,4,9765625
parallel_chunked,4,25000,8,4,23711138.000000,39062500,39062500,12499,0,0,0,0,100000,39062500,6250,6250,39062500,0,8,4882812
parallel_chunked,5,25000,1,4,41635640.000000,25000000,25000000,9999,0,0,0,0,0,25000000,5000,5000,25000000,0,1,25000000
parallel_chunked,5,25000,2,4,15943944.000000,25000000,25000000,9999,0,0,0,0,20000,25000000,5000,5000,25000000,0,2,12500000
parallel_chunked,5,25000,4,4,14338398.000000,25000000,25000000,9999,0,0,0,0,40000,25000000,5000,5000,25000000,0,4,6250000
parallel_chunked,5,25000,8,4,16549970.000000,25000000,25000000,9999,0,0,0,0,80000,25000000,5000,5000,25000000,0,8,3125000
parallel_chunked,6,25000,1,4,29133735.000000,17363889,17363889,8333,0,0,0,0,0,17363889,4167,4167,17363889,0,1,17363889
parallel_chunked,6,25000,2,4,11506458.000000,17363889,17363889,8333,0,0,0,0,16668,17363889,4167,4167,17363889,0,2,8681944
parallel_chunked,6,25000,4,4,10114613.000000,17363889,17363889,8333,0,0,0,0,33336,17363889,4167,4167,17363889,0,4,4340972
parallel_chunked,6,25000,8,4,10170343.000000,17363889,17363889,8333,0,0,0,0,66672,17363889,4167,4167,17363889,0,8,2170486
parallel_chunked,7,25000,1,4,21463135.000000,12759184,12759184,7142,0,0,0,0,0,12759184,3572,3572,12759184,0,1,12759184
parallel_chunked,7,25000,2,4,8403034.000000,12759184,12759184,7142,0,0,0,0,14288,12759184,3572,3572,12759184,0,2,6379592
parallel_chunked,7,25000,4,4,7554215.000000,12759184,12759184,7142,0,0,0,0,28576,12759184,3572,3572,12759184,0,4,3189796
parallel_chunked,7,25000,8,4,7604725.000000,12759184,12759184,7142,0,0,0,0,57152,12759184,3572,3572,12759184,0,8,1594898
parallel_chunked,8,25000,1,4,16167237.000000,9765625,9765625,6249,0,0,0,0,0,9765625,3125,3125,9765625,0,1,9765625
parallel_chunked,8,25000,2,4,6646973.000000,9765625,9765625,6249,0,0,0,0,12500,9765625,3125,3125,9765625,0,2,4882812
parallel_chunked,8,25000,4,4,5746977.000000,9765625,9765625,6249,0,0,0,0,25000,9765625,3125,3125,9765625,0,4,2441406
parallel_chunked,8,25000,8,4,6354631.000000,9765625,9765625,6249,0,0,0,0,50000,9765625,3125,3125,9765625,0,8,1220703
parallel_chunked,9,25000,1,4,13278430.000000,7717284,7717284,5555,0,0,0,0,0,7717284,2778,2778,7717284,0,1,7717284
parallel_chunked,9,25000,2,4,5047576.000000,7717284,7717284,5555,0,0,0,0,11112,7717284,2778,2778,7717284,0,2,3858642
parallel_chunked,9,25000,4,4,4835391.000000,7717284,7717284,5555,0,0,0,0,22224,7717284,2778,2778,7717284,0,4,1929321
parallel_chunked,9,25000,8,4,4934538.000000,7717284,7717284,5555,0,0,0,0,44448,7717284,2778,2778,7717284,0,8,964660
parallel_chunked,10,25000,1,4,10699198.000000,6250000,6250000,4999,0,0,0,0,0,6250000,2500,2500,6250000,0,1,6250000
parallel_chunked,10,25000,2,4,4354360.000000,6250000,6250000,4999,0,0,0,0,10000,6250000,2500,2500,6250000,0,2,3125000
parallel_chunked,10,25000,4,4,3922631.000000,6250000,6250000,4999,0,0,0,0,20000,6250000,2500,2500,6250000,0,4,1562500
parallel_chunked,10,25000,8,4,3983822.000000,6250000,6250000,4999,0,0,0,0,40000,6250000,2500,2500,6250000,0,8,781250
boost_cpp_int,0,25000,1,4,4115688.000000,0,0,0,0,0,0,0,0,0,0,0,0,0,0,0
schoolbook,0,25000,1,5,703720512.000000,625000000,625000000,49999,0,0,0,0,0,0,0,0,0,0,0,0
karatsuba,0,25000,1,5,133210899.000000,47473139,55909855,1891362,3755660,29524,19683,0,0,0,0,0,0,9,0,0
chunked,3,25000,1,5,117369600.000000,0,69455556,16666,0,0,0,16668,0,0,8334,8334,69455556,0,0,0
chunked,4,25000,1,5,65746781.000000,0,39062500,12499,0,0,0,12500,0,0,6250,6250,39062500,0,0,0
chunked,5,25000,1,5,41635988.000000,0,25000000,9999,0,0,0,10000,0,0,5000,5000,25000000,0,0,0
chunked,6,25000,1,5,28813585.000000,0,17363889,8333,0,0,0,8334,0,0,4167,4167,17363889,0,0,0
chunked,7,25000,1,5,21564304.000000,0,12759184,7142,0,0,0,7144,0,0,3572,3572,12759184,0,0,0
chunked,8,25000,1,5,16743533.000000,0,9765625,6249,0,0,0,6250,0,0,3125,3125,9765625,0,0,0
chunked,9,25000,1,5,16015713.000000,0,7717284,5555,0,0,0,5556,0,0,2778,2778,7717284,0,0,0
chunked,10,25000,1,5,12179298.000000,0,6250000,4999,0,0,0,5000,0,0,2500,2500,6250000,0,0,0
parallel_chunked,3,25000,1,5,118444792.000000,69455556,69455556,16666,0,0,0,0,0,69455556,8334,8334,69455556,0,1,69455556
parallel_chunked,3,25000,2,5,43544526.000000,69455556,69455556,16666,0,0,0,0,33336,69455556,8334,8334,69455556,0,2,34727778
parallel_chunked,3,25000,4,5,39895453.000000,69455556,69455556,16666,0,0,0,0,66672,69455556,8334,8334,69455556,0,4,17363889
parallel_chunked,3,25000,8,5,44070858.000000,69455556,69455556,16666,0,0,0,0,133344,69455556,8334,8334,69455556,0,8,8681944
parallel_chunked,4,25000,1,5,64659610.000000,39062500,39062500,12499,0,0,0,0,0,39062500,6250,6250,39062500,0,1,39062500
parallel_chunked,4,25000,2,5,24866342.000000,39062500,39062500,12499,0,0,0,0,25000,39062500,6250,6250,39062500,0,2,19531250
parallel_chunked,4,25000,4,5,22621647.000000,39062500,39062500,12499,0,0,0,0,50000,39062500,6250,6250,39062500,0,4,9765625
parallel_chunked,4,25000,8,5,24417407.000000,39062500,39062500,12499,0,0,0,0,100000,39062500,6250,6250,39062500,0,8,4882812
parallel_chunked,5,25000,1,5,41108389.000000,25000000,25000000,9999,0,0,0,0,0,25000000,5000,5000,25000000,0,1,25000000
parallel_chunked,5,25000,2,5,15999663.000000,25000000,25000000,9999,0,0,0,0,20000,25000000,5000,5000,25000000,0,2,12500000
parallel_chunked,5,25000,4,5,14464910.000000,25000000,25000000,9999,0,0,0,0,40000,25000000,5000,5000,25000000,0,4,6250000
parallel_chunked,5,25000,8,5,14503971.000000,25000000,25000000,9999,0,0,0,0,80000,25000000,5000,5000,25000000,0,8,3125000
parallel_chunked,6,25000,1,5,29741258.000000,17363889,17363889,8333,0,0,0,0,0,17363889,4167,4167,17363889,0,1,17363889
parallel_chunked,6,25000,2,5,11164617.000000,17363889,17363889,8333,0,0,0,0,16668,17363889,4167,4167,17363889,0,2,8681944
parallel_chunked,6,25000,4,5,10045516.000000,17363889,17363889,8333,0,0,0,0,33336,17363889,4167,4167,17363889,0,4,4340972
parallel_chunked,6,25000,8,5,10383030.000000,17363889,17363889,8333,0,0,0,0,66672,17363889,4167,4167,17363889,0,8,2170486
parallel_chunked,7,25000,1,5,21506067.000000,12759184,12759184,7142,0,0,0,0,0,12759184,3572,3572,12759184,0,1,12759184
parallel_chunked,7,25000,2,5,8354027.000000,12759184,12759184,7142,0,0,0,0,14288,12759184,3572,3572,12759184,0,2,6379592
parallel_chunked,7,25000,4,5,7522894.000000,12759184,12759184,7142,0,0,0,0,28576,12759184,3572,3572,12759184,0,4,3189796
parallel_chunked,7,25000,8,5,7693924.000000,12759184,12759184,7142,0,0,0,0,57152,12759184,3572,3572,12759184,0,8,1594898
parallel_chunked,8,25000,1,5,16407266.000000,9765625,9765625,6249,0,0,0,0,0,9765625,3125,3125,9765625,0,1,9765625
parallel_chunked,8,25000,2,5,6585199.000000,9765625,9765625,6249,0,0,0,0,12500,9765625,3125,3125,9765625,0,2,4882812
parallel_chunked,8,25000,4,5,5747705.000000,9765625,9765625,6249,0,0,0,0,25000,9765625,3125,3125,9765625,0,4,2441406
parallel_chunked,8,25000,8,5,6003659.000000,9765625,9765625,6249,0,0,0,0,50000,9765625,3125,3125,9765625,0,8,1220703
parallel_chunked,9,25000,1,5,13012875.000000,7717284,7717284,5555,0,0,0,0,0,7717284,2778,2778,7717284,0,1,7717284
parallel_chunked,9,25000,2,5,5534257.000000,7717284,7717284,5555,0,0,0,0,11112,7717284,2778,2778,7717284,0,2,3858642
parallel_chunked,9,25000,4,5,4764672.000000,7717284,7717284,5555,0,0,0,0,22224,7717284,2778,2778,7717284,0,4,1929321
parallel_chunked,9,25000,8,5,4802494.000000,7717284,7717284,5555,0,0,0,0,44448,7717284,2778,2778,7717284,0,8,964660
parallel_chunked,10,25000,1,5,10829754.000000,6250000,6250000,4999,0,0,0,0,0,6250000,2500,2500,6250000,0,1,6250000
parallel_chunked,10,25000,2,5,4178503.000000,6250000,6250000,4999,0,0,0,0,10000,6250000,2500,2500,6250000,0,2,3125000
parallel_chunked,10,25000,4,5,3989672.000000,6250000,6250000,4999,0,0,0,0,20000,6250000,2500,2500,6250000,0,4,1562500
parallel_chunked,10,25000,8,5,4145659.000000,6250000,6250000,4999,0,0,0,0,40000,6250000,2500,2500,6250000,0,8,781250
boost_cpp_int,0,25000,1,5,4159339.000000,0,0,0,0,0,0,0,0,0,0,0,0,0,0,0
schoolbook,0,50000,1,1,2807600092.000000,2500000000,2500000000,99997,0,0,0,0,0,0,0,0,0,0,0,0
karatsuba,0,50000,1,1,416628759.000000,142449391,167985097,5674264,11367565,88573,59049,0,0,0,0,0,0,10,0,0
chunked,3,50000,1,1,477909630.000000,0,277788889,33332,0,0,0,33334,0,0,16667,16667,277788889,0,0,0
chunked,4,50000,1,1,270427447.000000,0,156250000,24999,0,0,0,25000,0,0,12500,12500,156250000,0,0,0
chunked,5,50000,1,1,168937413.000000,0,100000000,19999,0,0,0,20000,0,0,10000,10000,100000000,0,0,0
chunked,6,50000,1,1,117299258.000000,0,69455556,16666,0,0,0,16668,0,0,8334,8334,69455556,0,0,0
chunked,7,50000,1,1,85188686.000000,0,51022449,14285,0,0,0,14286,0,0,7143,7143,51022449,0,0,0
chunked,8,50000,1,1,70110495.000000,0,39062500,12499,0,0,0,12500,0,0,6250,6250,39062500,0,0,0
chunked,9,50000,1,1,52599079.000000,0,30869136,11110,0,0,0,11112,0,0,5556,5556,30869136,0,0,0
chunked,10,50000,1,1,42398376.000000,0,25000000,9999,0,0,0,10000,0,0,5000,5000,25000000,0,0,0
parallel_chunked,3,50000,1,1,474109544.000000,277788889,277788889,33332,0,0,0,0,0,277788889,16667,16667,277788889,0,1,277788889
parallel_chunked,3,50000,2,1,178173237.000000,277788889,277788889,33332,0,0,0,0,66668,277788889,16667,16667,277788889,0,2,138894444
parallel_chunked,3,50000,4,1,160756561.000000,277788889,277788889,33332,0,0,0,0,133336,277788889,16667,16667,277788889,0,4,69447222
parallel_chunked,3,50000,8,1,170579053.000000,277788889,277788889,33332,0,0,0,0,266672,277788889,16667,16667,277788889,0,8,34723611
parallel_chunked,4,50000,1,1,262325747.000000,156250000,156250000,24999,0,0,0,0,0,156250000,12500,12500,156250000,0,1,156250000
parallel_chunked,4,50000,2,1,101649056.000000,156250000,156250000,24999,0,0,0,0,50000,156250000,12500,12500,156250000,0,2,78125000
parallel_chunked,4,50000,4,1,97916043.000000,156250000,156250000,24999,0,0,0,0,100000,156250000,12500,12500,156250000,0,4,39062500
parallel_chunked,4,50000,8,1,90769653.000000,156250000,156250000,24999,0,0,0,0,200000,156250000,12500,12500,156250000,0,8,19531250
parallel_chunked,5,50000,1,1,168518032.000000,100000000,100000000,19999,0,0,0,0,0,100000000,10000,10000,100000000,0,1,100000000
parallel_chunked,5,50000,2,1,68733063.000000,100000000,100000000,19999,0,0,0,0,40000,100000000,10000,10000,100000000,0,2,50000000
parallel_chunked,5,50000,4,1,58765756.000000,100000000,100000000,19999,0,0,0,0,80000,100000000,10000,10000,100000000,0,4,25000000
parallel_chunked,5,50000,8,1,58509059.000000,100000000,100000000,19999,0,0,0,0,160000,100000000,10000,10000,100000000,0,8,12500000
parallel_chunked,6,50000,1,1,120693005.000000,69455556,69455556,16666,0,0,0,0,0,69455556,8334,8334,69455556,0,1,69455556
parallel_chunked,6,50000,2,1,42569450.000000,69455556,69455556,16666,0,0,0,0,33336,69455556,8334,8334,69455556,0,2,34727778
parallel_chunked,6,50000,4,1,39879108.000000,69455556,69455556,16666,0,0,0,0,66672,69455556,8334,8334,69455556,0,4,17363889
parallel_chunked,6,50000,8,1,42706319.000000,69455556,69455556,16666,0,0,0,0,133344,69455556,8334,8334,69455556,0,8,8681944
parallel_chunked,7,50000,1,1,85002534.000000,51022449,51022449,14285,0,0,0,0,0,51022449,7143,7143,51022449,0,1,51022449
parallel_chunked,7,50000,2,1,32047761.000000,51022449,51022449,14285,0,0,0,0,28572,51022449,7143,7143,51022449,0,2,25511224
parallel_chunked,7,50000,4,1,29674381.000000,51022449,51022449,14285,0,0,0,0,57144,51022449,7143,7143,51022449,0,4,12755612
parallel_chunked,7,50000,8,1,30575143.000000,51022449,51022449,14285,0,0,0,0,114288,51022449,7143,7143,51022449,0,8,6377806
parallel_chunked,8,50000,1,1,65155442.000000,39062500,39062500,12499,0,0,0,0,0,39062500,6250,6250,39062500,0,1,39062500
parallel_chunked,8,50000,2,1,24731128.000000,39062500,39062500,12499,0,0,0,0,25000,39062500,6250,6250,39062500,0,2,19531250
parallel_chunked,8,50000,4,1,28290609.000000,39062500,39062500,12499,0,0,0,0,50000,39062500,6250,6250,39062500,0,4,9765625
parallel_chunked,8,50000,8,1,23638410.000000,39062500,39062500,12499,0,0,0,0,100000,39062500,6250,6250,39062500,0,8,4882812
parallel_chunked,9,50000,1,1,52725737.000000,30869136,30869136,11110,0,0,0,0,0,30869136,5556,5556,30869136,0,1,30869136
parallel_chunked,9,50000,2,1,20098595.000000,30869136,30869136,11110,0,0,0,0,22224,30869136,5556,5556,30869136,0,2,15434568
parallel_chunked,9,50000,4,1,18027200.000000,30869136,30869136,11110,0,0,0,0,44448,30869136,5556,5556,30869136,0,4,7717284
parallel_chunked,9,50000,8,1,19173563.000000,30869136,30869136,11110,0,0,0,0,88896,30869136,5556,5556,30869136,0,8,3858642
parallel_chunked,10,50000,1,1,42164847.000000,25000000,25000000,9999,0,0,0,0,0,25000000,5000,5000,25000000,0,1,25000000
parallel_chunked,10,50000,2,1,15754818.000000,25000000,25000000,9999,0,0,0,0,20000,25000000,5000,5000,25000000,0,2,12500000
parallel_chunked,10,50000,4,1,14706298.000000,25000000,25000000,9999,0,0,0,0,40000,25000000,5000,5000,25000000,0,4,6250000
parallel_chunked,10,50000,8,1,14967437.000000,25000000,25000000,9999,0,0,0,0,80000,25000000,5000,5000,25000000,0,8,3125000
boost_cpp_int,0,50000,1,1,16440730.000000,0,0,0,0,0,0,0,0,0,0,0,0,0,0,0
schoolbook,0,50000,1,2,2794987182.000000,2500000000,2500000000,99998,0,0,0,0,0,0,0,0,0,0,0,0
karatsuba,0,50000,1,2,402736508.000000,142427579,167962721,5673832,11367188,88573,59049,0,0,0,0,0,0,10,0,0
chunked,3,50000,1,2,478417170.000000,0,277788889,33333,0,0,0,33334,0,0,16667,16667,277788889,0,0,0
chunked,4,50000,1,2,263002180.000000,0,156250000,24999,0,0,0,25000,0,0,12500,12500,156250000,0,0,0
chunked,5,50000,1,2,166571242.000000,0,100000000,19999,0,0,0,20000,0,0,10000,10000,100000000,0,0,0
chunked,6,50000,1,2,116372510.000000,0,69455556,16666,0,0,0,16668,0,0,8334,8334,69455556,0,0,0
chunked,7,50000,1,2,86811063.000000,0,51022449,14285,0,0,0,14286,0,0,7143,7143,51022449,0,0,0
chunked,8,50000,1,2,65269545.000000,0,39062500,12499,0,0,0,12500,0,0,6250,6250,39062500,0,0,0
chunked,9,50000,1,2,52194044.000000,0,30869136,11111,0,0,0,11112,0,0,5556,5556,30869136,0,0,0
chunked,10,50000,1,2,42080152.000000,0,25000000,9999,0,0,0,10000,0,0,5000,5000,25000000,0,0,0
parallel_chunked,3,50000,1,2,492219397.000000,277788889,277788889,33333,0,0,0,0,0,277788889,16667,16667,277788889,0,1,277788889
parallel_chunked,3,50000,2,2,178458739.000000,277788889,277788889,33333,0,0,0,0,66668,277788889,16667,16667,277788889,0,2,138894444
parallel_chunked,3,50000,4,2,171530029.000000,277788889,277788889,33333,0,0,0,0,133336,277788889,16667,16667,277788889,0,4,69447222
parallel_chunked,3,50000,8,2,165472427.000000,277788889,277788889,33333,0,0,0,0,266672,277788889,16667,16667,277788889,0,8,34723611
parallel_chunked,4,50000,1,2,264561544.000000,156250000,156250000,24999,0,0,0,0,0,156250000,12500,12500,156250000,0,1,156250000
parallel_chunked,4,50000,2,2,102554079.000000,156250000,156250000,24999,0,0,0,0,50000,156250000,12500,12500,156250000,0,2,78125000
parallel_chunked,4,50000,4,2,89966195.000000,156250000,156250000,24999,0,0,0,0,100000,156250000,12500,12500,156250000,0,4,39062500
parallel_chunked,4,50000,8,2,94359681.000000,156250000,156250000,24999,0,0,0,0,200000,156250000,12500,12500,156250000,0,8,19531250
parallel_chunked,5,50000,1,2,166715220.000000,100000000,100000000,19999,0,0,0,0,0,100000000,10000,10000,100000000,0,1,100000000
parallel_chunked,5,50000,2,2,62538290.000000,100000000,100000000,19999,0,0,0,0,40000,100000000,10000,10000,100000000,0,2,50000000
parallel_chunked,5,50000,4,2,65191861.000000,100000000,100000000,19999,0,0,0,0,80000,100000000,10000,10000,100000000,0,4,25000000
parallel_chunked,5,50000,8,2,58404051.000000,100000000,100000000,19999,0,0,0,0,160000,100000000,10000,10000,100000000,0,8,12500000
parallel_chunked,6,50000,1,2,115999473.000000,69455556,69455556,16666,0,0,0,0,0,69455556,8334,8334,69455556,0,1,69455556
parallel_chunked,6,50000,2,2,43271988.000000,69455556,69455556,16666,0,0,0,0,33336,69455556,8334,8334,69455556,0,2,34727778
parallel_chunked,6,50000,4,2,40143431.000000,69455556,69455556,16666,0,0,0,0,66672,69455556,8334,8334,69455556,0,4,17363889
parallel_chunked,6,50000,8,2,40728045.000000,69455556,69455556,16666,0,0,0,0,133344,69455556,8334,8334,69455556,0,8,8681944
parallel_chunked,7,50000,1,2,84911098.000000,51022449,51022449,14285,0,0,0,0,0,51022449,7143,7143,51022449,0,1,51022449
parallel_chunked,7,50000,2,2,31414478.000000,51022449,51022449,14285,0,0,0,0,28572,51022449,7143,7143,51022449,0,2,25511224
parallel_chunked,7,50000,4,2,29240350.000000,51022449,51022449,14285,0,0,0,0,57144,51022449,7143,7143,51022449,0,4,12755612
parallel_chunked,7,50000,8,2,29766819.000000,51022449,51022449,14285,0,0,0,0,114288,51022449,7143,7143,51022449,0,8,6377806
parallel_chunked,8,50000,1,2,66172287.000000,39062500,39062500,12499,0,0,0,0,0,39062500,6250,6250,39062500,0,1,39062500
parallel_chunked,8,50000,2,2,24404059.000000,39062500,39062500,12499,0,0,0,0,25000,39062500,6250,6250,39062500,0,2,19531250
parallel_chunked,8,50000,4,2,22351471.000000,39062500,39062500,12499,0,0,0,0,50000,39062500,6250,6250,39062500,0,4,9765625
parallel_chunked,8,50000,8,2,22812848.000000,39062500,39062500,12499,0,0,0,0,100000,39062500,6250,6250,39062500,0,8,4882812
parallel_chunked,9,50000,1,2,51575306.000000,30869136,30869136,11111,0,0,0,0,0,30869136,5556,5556,30869136,0,1,30869136
parallel_chunked,9,50000,2,2,20886089.000000,30869136,30869136,11111,0,0,0,0,22224,30869136,5556,5556,30869136,0,2,15434568
parallel_chunked,9,50000,4,2,17970470.000000,30869136,30869136,11111,0,0,0,0,44448,30869136,5556,5556,30869136,0,4,7717284
parallel_chunked,9,50000,8,2,20390702.000000,30869136,30869136,11111,0,0,0,0,88896,30869136,5556,5556,30869136,0,8,3858642
parallel_chunked,10,50000,1,2,41649042.000000,25000000,25000000,9999,0,0,0,0,0,25000000,5000,5000,25000000,0,1,25000000
parallel_chunked,10,50000,2,2,16232430.000000,25000000,25000000,9999,0,0,0,0,20000,25000000,5000,5000,25000000,0,2,12500000
parallel_chunked,10,50000,4,2,14713133.000000,25000000,25000000,9999,0,0,0,0,40000,25000000,5000,5000,25000000,0,4,6250000
parallel_chunked,10,50000,8,2,14985894.000000,25000000,25000000,9999,0,0,0,0,80000,25000000,5000,5000,25000000,0,8,3125000
boost_cpp_int,0,50000,1,2,16208237.000000,0,0,0,0,0,0,0,0,0,0,0,0,0,0,0
schoolbook,0,50000,1,3,2779548212.000000,2500000000,2500000000,99999,0,0,0,0,0,0,0,0,0,0,0,0
karatsuba,0,50000,1,3,403788568.000000,142417691,167952486,5674103,11367016,88573,59049,0,0,0,0,0,0,10,0,0
chunked,3,50000,1,3,479300066.000000,0,277788889,33333,0,0,0,33334,0,0,16667,16667,277788889,0,0,0
chunked,4,50000,1,3,265062087.000000,0,156250000,24999,0,0,0,25000,0,0,12500,12500,156250000,0,0,0
chunked,5,50000,1,3,167992486.000000,0,100000000,19999,0,0,0,20000,0,0,10000,10000,100000000,0,0,0
chunked,6,50000,1,3,117548650.000000,0,69455556,16666,0,0,0,16668,0,0,8334,8334,69455556,0,0,0
chunked,7,50000,1,3,86839901.000000,0,51022449,14285,0,0,0,14286,0,0,7143,7143,51022449,0,0,0
chunked,8,50000,1,3,65835170.000000,0,39062500,12499,0,0,0,12500,0,0,6250,6250,39062500,0,0,0
chunked,9,50000,1,3,51933086.000000,0,30869136,11111,0,0,0,11112,0,0,5556,5556,30869136,0,0,0
chunked,10,50000,1,3,41837142.000000,0,25000000,9999,0,0,0,10000,0,0,5000,5000,25000000,0,0,0
parallel_chunked,3,50000,1,3,475463062.000000,277788889,277788889,33333,0,0,0,0,0,277788889,16667,16667,277788889,0,1,277788889
parallel_chunked,3,50000,2,3,177598939.000000,277788889,277788889,33333,0,0,0,0,66668,277788889,16667,16667,277788889,0,2,138894444
parallel_chunked,3,50000,4,3,167551407.000000,277788889,277788889,33333,0,0,0,0,133336,277788889,16667,16667,277788889,0,4,69447222
parallel_chunked,3,50000,8,3,168140510.000000,277788889,277788889,33333,0,0,0,0,266672,277788889,16667,16667,277788889,0,8,34723611
parallel_chunked,4,50000,1,3,261970626.000000,156250000,156250000,24999,0,0,0,0,0,156250000,12500,12500,156250000,0,1,156250000
parallel_chunked,4,50000,2,3,102231258.000000,156250000,156250000,24999,0,0,0,0,50000,156250000,12500,12500,156250000,0,2,78125000
parallel_chunked,4,50000,4,3,90102034.000000,156250000,156250000,24999,0,0,0,0,100000,156250000,12500,12500,156250000,0,4,39062500
parallel_chunked,4,50000,8,3,90846643.000000,156250000,156250000,24999,0,0,0,0,200000,156250000,12500,12500,156250000,0,8,19531250
parallel_chunked,5,50000,1,3,165982984.000000,100000000,100000000,19999,0,0,0,0,0,100000000,10000,10000,100000000,0,1,100000000
parallel_chunked,5,50000,2,3,62694073.000000,100000000,100000000,19999,0,0,0,0,40000,100000000,10000,10000,100000000,0,2,50000000
parallel_chunked,5,50000,4,3,62658423.000000,100000000,100000000,19999,0,0,0,0,80000,100000000,10000,10000,100000000,0,4,25000000
parallel_chunked,5,50000,8,3,60675829.000000,100000000,100000000,19999,0,0,0,0,160000,100000000,10000,10000,100000000,0,8,12500000
parallel_chunked,6,50000,1,3,115040361.000000,69455556,69455556,16666,0,0,0,0,0,69455556,8334,8334,69455556,0,1,69455556
parallel_chunked,6,50000,2,3,43993898.000000,69455556,69455556,16666,0,0,0,0,33336,69455556,8334,8334,69455556,0,2,34727778
parallel_chunked,6,50000,4,3,39814106.000000,69455556,69455556,16666,0,0,0,0,66672,69455556,8334,8334,69455556,0,4,17363889
parallel_chunked,6,50000,8,3,40954739.000000,69455556,69455556,16666,0,0,0,0,133344,69455556,8334,8334,69455556,0,8,8681944
parallel_chunked,7,50000,1,3,84143667.000000,51022449,51022449,14285,0,0,0,0,0,51022449,7143,7143,51022449,0,1,51022449
parallel_chunked,7,50000,2,3,32174718.000000,51022449,51022449,14285,0,0,0,0,28572,51022449,7143,7143,51022449,0,2,25511224
parallel_chunked,7,50000,4,3,29638749.000000,51022449,51022449,14285,0,0,0,0,57144,51022449,7143,7143,51022449,0,4,12755612
parallel_chunked,7,50000,8,3,34810400.000000,51022449,51022449,14285,0,0,0,0,114288,51022449,7143,7143,51022449,0,8,6377806
parallel_chunked,8,50000,1,3,65277403.000000,39062500,39062500,12499,0,0,0,0,0,39062500,6250,6250,39062500,0,1,39062500
parallel_chunked,8,50000,2,3,24069297.000000,39062500,39062500,12499,0,0,0,0,25000,39062500,6250,6250,39062500,0,2,19531250
parallel_chunked,8,50000,4,3,22648028.000000,39062500,39062500,12499,0,0,0,0,50000,39062500,6250,6250,39062500,0,4,9765625
parallel_chunked,8,50000,8,3,23341651.000000,39062500,39062500,12499,0,0,0,0,100000,39062500,6250,6250,39062500,0,8,4882812
parallel_chunked,9,50000,1,3,51560264.000000,30869136,30869136,11111,0,0,0,0,0,30869136,5556,5556,30869136,0,1,30869136
parallel_chunked,9,50000,2,3,19462441.000000,30869136,30869136,11111,0,0,0,0,22224,30869136,5556,5556,30869136,0,2,15434568
parallel_chunked,9,50000,4,3,18143737.000000,30869136,30869136,11111,0,0,0,0,44448,30869136,5556,5556,30869136,0,4,7717284
parallel_chunked,9,50000,8,3,18172533.000000,30869136,30869136,11111,0,0,0,0,88896,30869136,5556,5556,30869136,0,8,3858642
parallel_chunked,10,50000,1,3,41275959.000000,25000000,25000000,9999,0,0,0,0,0,25000000,5000,5000,25000000,0,1,25000000
parallel_chunked,10,50000,2,3,17233557.000000,25000000,25000000,9999,0,0,0,0,20000,25000000,5000,5000,25000000,0,2,12500000
parallel_chunked,10,50000,4,3,14851599.000000,25000000,25000000,9999,0,0,0,0,40000,25000000,5000,5000,25000000,0,4,6250000
parallel_chunked,10,50000,8,3,14942381.000000,25000000,25000000,9999,0,0,0,0,80000,25000000,5000,5000,25000000,0,8,3125000
boost_cpp_int,0,50000,1,3,16517310.000000,0,0,0,0,0,0,0,0,0,0,0,0,0,0,0
schoolbook,0,50000,1,4,2783433356.000000,2500000000,2500000000,99999,0,0,0,0,0,0,0,0,0,0,0,0
karatsuba,0,50000,1,4,404175373.000000,142432917,167968393,5674420,11367420,88573,59049,0,0,0,0,0,0,10,0,0
chunked,3,50000,1,4,474142122.000000,0,277788889,33333,0,0,0,33334,0,0,16667,16667,277788889,0,0,0
chunked,4,50000,1,4,266553906.000000,0,156250000,24999,0,0,0,25000,0,0,12500,12500,156250000,0,0,0
chunked,5,50000,1,4,168148531.000000,0,100000000,19999,0,0,0,20000,0,0,10000,10000,100000000,0,0,0
chunked,6,50000,1,4,144684921.000000,0,69455556,16666,0,0,0,16668,0,0,8334,8334,69455556,0,0,0
chunked,7,50000,1,4,141714561.000000,0,51022449,14285,0,0,0,14286,0,0,7143,7143,51022449,0,0,0
chunked,8,50000,1,4,69310710.000000,0,39062500,12499,0,0,0,12500,0,0,6250,6250,39062500,0,0,0
chunked,9,50000,1,4,52324758.000000,0,30869136,11111,0,0,0,11112,0,0,5556,5556,30869136,0,0,0
chunked,10,50000,1,4,41858034.000000,0,25000000,9999,0,0,0,10000,0,0,5000,5000,25000000,0,0,0
parallel_chunked,3,50000,1,4,468347277.000000,277788889,277788889,33333,0,0,0,0,0,277788889,16667,16667,277788889,0,1,277788889
parallel_chunked,3,50000,2,4,182256291.000000,277788889,277788889,33333,0,0,0,0,66668,277788889,16667,16667,277788889,0,2,138894444
parallel_chunked,3,50000,4,4,161158340.000000,277788889,277788889,33333,0,0,0,0,133336,277788889,16667,16667,277788889,0,4,69447222
parallel_chunked,3,50000,8,4,168756895.000000,277788889,277788889,33333,0,0,0,0,266672,277788889,16667,16667,277788889,0,8,34723611
parallel_chunked,4,50000,1,4,263770342.000000,156250000,156250000,24999,0,0,0,0,0,156250000,12500,12500,156250000,0,1,156250000
parallel_chunked,4,50000,2,4,99316281.000000,156250000,156250000,24999,0,0,0,0,50000,156250000,12500,12500,156250000,0,2,78125000
parallel_chunked,4,50000,4,4,90100818.000000,156250000,156250000,24999,0,0,0,0,100000,156250000,12500,12500,156250000,0,4,39062500
parallel_chunked,4,50000,8,4,90976229.000000,156250000,156250000,24999,0,0,0,0,200000,156250000,12500,12500,156250000,0,8,19531250
parallel_chunked,5,50000,1,4,168110479.000000,100000000,100000000,19999,0,0,0,0,0,100000000,10000,10000,100000000,0,1,100000000
parallel_chunked,5,50000,2,4,62675793.000000,100000000,100000000,19999,0,0,0,0,40000,100000000,10000,10000,100000000,0,2,50000000
parallel_chunked,5,50000,4,4,57844222.000000,100000000,100000000,19999,0,0,0,0,80000,100000000,10000,10000,100000000,0,4,25000000
parallel_chunked,5,50000,8,4,58019724.000000,100000000,100000000,19999,0,0,0,0,160000,100000000,10000,10000,100000000,0,8,12500000
parallel_chunked,6,50000,1,4,116239680.000000,69455556,69455556,16666,0,0,0,0,0,69455556,8334,8334,69455556,0,1,69455556
parallel_chunked,6,50000,2,4,43102120.000000,69455556,69455556,16666,0,0,0,0,33336,69455556,8334,8334,69455556,0,2,34727778
parallel_chunked,6,50000,4,4,39966336.000000,69455556,69455556,16666,0,0,0,0,66672,69455556,8334,8334,69455556,0,4,17363889
parallel_chunked,6,50000,8,4,40936405.000000,69455556,69455556,16666,0,0,0,0,133344,69455556,8334,8334,69455556,0,8,8681944
parallel_chunked,7,50000,1,4,88780484.000000,51022449,51022449,14285,0,0,0,0,0,51022449,7143,7143,51022449,0,1,51022449
parallel_chunked,7,50000,2,4,32366287.000000,51022449,51022449,14285,0,0,0,0,28572,51022449,7143,7143,51022449,0,2,25511224
parallel_chunked,7,50000,4,4,29437343.000000,51022449,51022449,14285,0,0,0,0,57144,51022449,7143,7143,51022449,0,4,12755612
parallel_chunked,7,50000,8,4,30497710.000000,51022449,51022449,14285,0,0,0,0,114288,51022449,7143,7143,51022449,0,8,6377806
parallel_chunked,8,50000,1,4,64526611.000000,39062500,39062500,12499,0,0,0,0,0,39062500,6250,6250,39062500,0,1,39062500
parallel_chunked,8,50000,2,4,24097850.000000,39062500,39062500,12499,0,0,0,0,25000,39062500,6250,6250,39062500,0,2,19531250
parallel_chunked,8,50000,4,4,22463657.000000,39062500,39062500,12499,0,0,0,0,50000,39062500,6250,6250,39062500,0,4,9765625
parallel_chunked,8,50000,8,4,24149908.000000,39062500,39062500,12499,0,0,0,0,100000,39062500,6250,6250,39062500,0,8,4882812
parallel_chunked,9,50000,1,4,51673658.000000,30869136,30869136,11111,0,0,0,0,0,30869136,5556,5556,30869136,0,1,30869136
parallel_chunked,9,50000,2,4,19322365.000000,30869136,30869136,11111,0,0,0,0,22224,30869136,5556,5556,30869136,0,2,15434568
parallel_chunked,9,50000,4,4,18251161.000000,30869136,30869136,11111,0,0,0,0,44448,30869136,5556,5556,30869136,0,4,7717284
parallel_chunked,9,50000,8,4,20312943.000000,30869136,30869136,11111,0,0,0,0,88896,30869136,5556,5556,30869136,0,8,3858642
parallel_chunked,10,50000,1,4,42113562.000000,25000000,25000000,9999,0,0,0,0,0,25000000,5000,5000,25000000,0,1,25000000
parallel_chunked,10,50000,2,4,15898917.000000,25000000,25000000,9999,0,0,0,0,20000,25000000,5000,5000,25000000,0,2,12500000
parallel_chunked,10,50000,4,4,14704108.000000,25000000,25000000,9999,0,0,0,0,40000,25000000,5000,5000,25000000,0,4,6250000
parallel_chunked,10,50000,8,4,14924724.000000,25000000,25000000,9999,0,0,0,0,80000,25000000,5000,5000,25000000,0,8,3125000
boost_cpp_int,0,50000,1,4,16215604.000000,0,0,0,0,0,0,0,0,0,0,0,0,0,0,0
schoolbook,0,50000,1,5,2788331193.000000,2500000000,2500000000,99997,0,0,0,0,0,0,0,0,0,0,0,0
karatsuba,0,50000,1,5,404304754.000000,142414306,167948903,5674088,11366834,88573,59049,0,0,0,0,0,0,10,0,0
chunked,3,50000,1,5,474092623.000000,0,277788889,33332,0,0,0,33334,0,0,16667,16667,277788889,0,0,0
chunked,4,50000,1,5,265020384.000000,0,156250000,24999,0,0,0,25000,0,0,12500,12500,156250000,0,0,0
chunked,5,50000,1,5,170395711.000000,0,100000000,19999,0,0,0,20000,0,0,10000,10000,100000000,0,0,0
chunked,6,50000,1,5,117959136.000000,0,69455556,16666,0,0,0,16668,0,0,8334,8334,69455556,0,0,0
chunked,7,50000,1,5,86397029.000000,0,51022449,14285,0,0,0,14286,0,0,7143,7143,51022449,0,0,0
chunked,8,50000,1,5,65986495.000000,0,39062500,12499,0,0,0,12500,0,0,6250,6250,39062500,0,0,0
chunked,9,50000,1,5,52899923.000000,0,30869136,11110,0,0,0,11112,0,0,5556,5556,30869136,0,0,0
chunked,10,50000,1,5,42581077.000000,0,25000000,9999,0,0,0,10000,0,0,5000,5000,25000000,0,0,0
parallel_chunked,3,50000,1,5,471428720.000000,277788889,277788889,33332,0,0,0,0,0,277788889,16667,16667,277788889,0,1,277788889
parallel_chunked,3,50000,2,5,194144299.000000,277788889,277788889,33332,0,0,0,0,66668,277788889,16667,16667,277788889,0,2,138894444
parallel_chunked,3,50000,4,5,160852309.000000,277788889,277788889,33332,0,0,0,0,133336,277788889,16667,16667,277788889,0,4,69447222
parallel_chunked,3,50000,8,5,168311429.000000,277788889,277788889,33332,0,0,0,0,266672,277788889,16667,16667,277788889,0,8,34723611
parallel_chunked,4,50000,1,5,275274982.000000,156250000,156250000,24999,0,0,0,0,0,156250000,12500,12500,156250000,0,1,156250000
parallel_chunked,4,50000,2,5,98500754.000000,156250000,156250000,24999,0,0,0,0,50000,156250000,12500,12500,156250000,0,2,78125000
parallel_chunked,4,50000,4,5,89911847.000000,156250000,156250000,24999,0,0,0,0,100000,156250000,12500,12500,156250000,0,4,39062500
parallel_chunked,4,50000,8,5,96236103.000000,156250000,156250000,24999,0,0,0,0,200000,156250000,12500,12500,156250000,0,8,19531250
parallel_chunked,5,50000,1,5,171624751.000000,100000000,100000000,19999,0,0,0,0,0,100000000,10000,10000,100000000,0,1,100000000
parallel_chunked,5,50000,2,5,63142203.000000,100000000,100000000,19999,0,0,0,0,40000,100000000,10000,10000,100000000,0,2,50000000
parallel_chunked,5,50000,4,5,57698160.000000,100000000,100000000,19999,0,0,0,0,80000,100000000,10000,10000,100000000,0,4,25000000
parallel_chunked,5,50000,8,5,59291271.000000,100000000,100000000,19999,0,0,0,0,160000,100000000,10000,10000,100000000,0,8,12500000
parallel_chunked,6,50000,1,5,114996195.000000,69455556,69455556,16666,0,0,0,0,0,69455556,8334,8334,69455556,0,1,69455556
parallel_chunked,6,50000,2,5,43158401.000000,69455556,69455556,16666,0,0,0,0,33336,69455556,8334,8334,69455556,0,2,34727778
parallel_chunked,6,50000,4,5,39696056.000000,69455556,69455556,16666,0,0,0,0,66672,69455556,8334,8334,69455556,0,4,17363889
parallel_chunked,6,50000,8,5,44162616.000000,69455556,69455556,16666,0,0,0,0,133344,69455556,8334,8334,69455556,0,8,8681944
parallel_chunked,7,50000,1,5,85069923.000000,51022449,51022449,14285,0,0,0,0,0,51022449,7143,7143,51022449,0,1,51022449
parallel_chunked,7,50000,2,5,31910742.000000,51022449,51022449,14285,0,0,0,0,28572,51022449,7143,7143,51022449,0,2,25511224
parallel_chunked,7,50000,4,5,29547808.000000,51022449,51022449,14285,0,0,0,0,57144,51022449,7143,7143,51022449,0,4,12755612
parallel_chunked,7,50000,8,5,30105778.000000,51022449,51022449,14285,0,0,0,0,114288,51022449,7143,7143,51022449,0,8,6377806
parallel_chunked,8,50000,1,5,65319970.000000,39062500,39062500,12499,0,0,0,0,0,39062500,6250,6250,39062500,0,1,39062500
parallel_chunked,8,50000,2,5,25182067.000000,39062500,39062500,12499,0,0,0,0,25000,39062500,6250,6250,39062500,0,2,19531250
parallel_chunked,8,50000,4,5,22606100.000000,39062500,39062500,12499,0,0,0,0,50000,39062500,6250,6250,39062500,0,4,9765625
parallel_chunked,8,50000,8,5,24404304.000000,39062500,39062500,12499,0,0,0,0,100000,39062500,6250,6250,39062500,0,8,4882812
parallel_chunked,9,50000,1,5,51973580.000000,30869136,30869136,11110,0,0,0,0,0,30869136,5556,5556,30869136,0,1,30869136
parallel_chunked,9,50000,2,5,19948918.000000,30869136,30869136,11110,0,0,0,0,22224,30869136,5556,5556,30869136,0,2,15434568
parallel_chunked,9,50000,4,5,18076700.000000,30869136,30869136,11110,0,0,0,0,44448,30869136,5556,5556,30869136,0,4,7717284
parallel_chunked,9,50000,8,5,19531433.000000,30869136,30869136,11110,0,0,0,0,88896,30869136,5556,5556,30869136,0,8,3858642
parallel_chunked,10,50000,1,5,42262278.000000,25000000,25000000,9999,0,0,0,0,0,25000000,5000,5000,25000000,0,1,25000000
parallel_chunked,10,50000,2,5,20420689.000000,25000000,25000000,9999,0,0,0,0,20000,25000000,5000,5000,25000000,0,2,12500000
parallel_chunked,10,50000,4,5,14891578.000000,25000000,25000000,9999,0,0,0,0,40000,25000000,5000,5000,25000000,0,4,6250000
parallel_chunked,10,50000,8,5,15237398.000000,25000000,25000000,9999,0,0,0,0,80000,25000000,5000,5000,25000000,0,8,3125000
boost_cpp_int,0,50000,1,5,16331763.000000,0,0,0,0,0,0,0,0,0,0,0,0,0,0,0
karatsuba,0,100000,1,1,1225436899.000000,427280609,504336272,17023168,34301888,265720,177147,0,0,0,0,0,0,11,0,0
chunked,3,100000,1,1,1927417272.000000,0,1111155556,66666,0,0,0,66668,0,0,33334,33334,1111155556,0,0,0
chunked,4,100000,1,1,1077188717.000000,0,625000000,49999,0,0,0,50000,0,0,25000,25000,625000000,0,0,0
chunked,5,100000,1,1,688330503.000000,0,400000000,39999,0,0,0,40000,0,0,20000,20000,400000000,0,0,0
chunked,6,100000,1,1,472538104.000000,0,277788889,33333,0,0,0,33334,0,0,16667,16667,277788889,0,0,0
chunked,7,100000,1,1,349895556.000000,0,204089796,28571,0,0,0,28572,0,0,14286,14286,204089796,0,0,0
chunked,8,100000,1,1,265400561.000000,0,156250000,24999,0,0,0,25000,0,0,12500,12500,156250000,0,0,0
chunked,9,100000,1,1,213308838.000000,0,123476544,22222,0,0,0,22224,0,0,11112,11112,123476544,0,0,0
chunked,10,100000,1,1,169845822.000000,0,100000000,19999,0,0,0,20000,0,0,10000,10000,100000000,0,0,0
parallel_chunked,3,100000,1,1,1902592556.000000,1111155556,1111155556,66666,0,0,0,0,0,1111155556,33334,33334,1111155556,0,1,1111155556
parallel_chunked,3,100000,2,1,762808105.000000,1111155556,1111155556,66666,0,0,0,0,133336,1111155556,33334,33334,1111155556,0,2,555577778
parallel_chunked,3,100000,4,1,667125455.000000,1111155556,1111155556,66666,0,0,0,0,266672,1111155556,33334,33334,1111155556,0,4,277788889
parallel_chunked,3,100000,8,1,675574043.000000,1111155556,1111155556,66666,0,0,0,0,533344,1111155556,33334,33334,1111155556,0,8,138894444
parallel_chunked,4,100000,1,1,1069901256.000000,625000000,625000000,49999,0,0,0,0,0,625000000,25000,25000,625000000,0,1,625000000
parallel_chunked,4,100000,2,1,406977476.000000,625000000,625000000,49999,0,0,0,0,100000,625000000,25000,25000,625000000,0,2,312500000
parallel_chunked,4,100000,4,1,371559063.000000,625000000,625000000,49999,0,0,0,0,200000,625000000,25000,25000,625000000,0,4,156250000
parallel_chunked,4,100000,8,1,373230911.000000,625000000,625000000,49999,0,0,0,0,400000,625000000,25000,25000,625000000,0,8,78125000
parallel_chunked,5,100000,1,1,678313829.000000,400000000,400000000,39999,0,0,0,0,0,400000000,20000,20000,400000000,0,1,400000000
parallel_chunked,5,100000,2,1,258164246.000000,400000000,400000000,39999,0,0,0,0,80000,400000000,20000,20000,400000000,0,2,200000000
parallel_chunked,5,100000,4,1,237259978.000000,400000000,400000000,39999,0,0,0,0,160000,400000000,20000,20000,400000000,0,4,100000000
parallel_chunked,5,100000,8,1,232583657.000000,400000000,400000000,39999,0,0,0,0,320000,400000000,20000,20000,400000000,0,8,50000000
parallel_chunked,6,100000,1,1,471214212.000000,277788889,277788889,33333,0,0,0,0,0,277788889,16667,16667,277788889,0,1,277788889
parallel_chunked,6,100000,2,1,180982658.000000,277788889,277788889,33333,0,0,0,0,66668,277788889,16667,16667,277788889,0,2,138894444
parallel_chunked,6,100000,4,1,160115595.000000,277788889,277788889,33333,0,0,0,0,133336,277788889,16667,16667,277788889,0,4,69447222
parallel_chunked,6,100000,8,1,170515041.000000,277788889,277788889,33333,0,0,0,0,266672,277788889,16667,16667,277788889,0,8,34723611
parallel_chunked,7,100000,1,1,348206821.000000,204089796,204089796,28571,0,0,0,0,0,204089796,14286,14286,204089796,0,1,204089796
parallel_chunked,7,100000,2,1,129333709.000000,204089796,204089796,28571,0,0,0,0,57144,204089796,14286,14286,204089796,0,2,102044898
parallel_chunked,7,100000,4,1,118086927.000000,204089796,204089796,28571,0,0,0,0,114288,204089796,14286,14286,204089796,0,4,51022449
parallel_chunked,7,100000,8,1,123117918.000000,204089796,204089796,28571,0,0,0,0,228576,204089796,14286,14286,204089796,0,8,25511224
parallel_chunked,8,100000,1,1,262883613.000000,156250000,156250000,24999,0,0,0,0,0,156250000,12500,12500,156250000,0,1,156250000
parallel_chunked,8,100000,2,1,98001332.000000,156250000,156250000,24999,0,0,0,0,50000,156250000,12500,12500,156250000,0,2,78125000
parallel_chunked,8,100000,4,1,96628177.000000,156250000,156250000,24999,0,0,0,0,100000,156250000,12500,12500,156250000,0,4,39062500
parallel_chunked,8,100000,8,1,92256778.000000,156250000,156250000,24999,0,0,0,0,200000,156250000,12500,12500,156250000,0,8,19531250
parallel_chunked,9,100000,1,1,206920847.000000,123476544,123476544,22222,0,0,0,0,0,123476544,11112,11112,123476544,0,1,123476544
parallel_chunked,9,100000,2,1,77749312.000000,123476544,123476544,22222,0,0,0,0,44448,123476544,11112,11112,123476544,0,2,61738272
parallel_chunked,9,100000,4,1,74846786.000000,123476544,123476544,22222,0,0,0,0,88896,123476544,11112,11112,123476544,0,4,30869136
parallel_chunked,9,100000,8,1,76428321.000000,123476544,123476544,22222,0,0,0,0,177792,123476544,11112,11112,123476544,0,8,15434568
parallel_chunked,10,100000,1,1,167806147.000000,100000000,100000000,19999,0,0,0,0,0,100000000,10000,10000,100000000,0,1,100000000
parallel_chunked,10,100000,2,1,63422833.000000,100000000,100000000,19999,0,0,0,0,40000,100000000,10000,10000,100000000,0,2,50000000
parallel_chunked,10,100000,4,1,58361949.000000,100000000,100000000,19999,0,0,0,0,80000,100000000,10000,10000,100000000,0,4,25000000
parallel_chunked,10,100000,8,1,59088868.000000,100000000,100000000,19999,0,0,0,0,160000,100000000,10000,10000,100000000,0,8,12500000
boost_cpp_int,0,100000,1,1,64742472.000000,0,0,0,0,0,0,0,0,0,0,0,0,0,0,0
karatsuba,0,100000,1,2,1212542180.000000,427241883,504296874,17022631,34301228,265720,177147,0,0,0,0,0,0,11,0,0
chunked,3,100000,1,2,1920313832.000000,0,1111155556,66666,0,0,0,66668,0,0,33334,33334,1111155556,0,0,0
chunked,4,100000,1,2,1067770230.000000,0,625000000,49999,0,0,0,50000,0,0,25000,25000,625000000,0,0,0
chunked,5,100000,1,2,683193544.000000,0,400000000,39999,0,0,0,40000,0,0,20000,20000,400000000,0,0,0
chunked,6,100000,1,2,474196704.000000,0,277788889,33333,0,0,0,33334,0,0,16667,16667,277788889,0,0,0
chunked,7,100000,1,2,347929579.000000,0,204089796,28571,0,0,0,28572,0,0,14286,14286,204089796,0,0,0
chunked,8,100000,1,2,264346324.000000,0,156250000,24999,0,0,0,25000,0,0,12500,12500,156250000,0,0,0
chunked,9,100000,1,2,208863572.000000,0,123476544,22222,0,0,0,22224,0,0,11112,11112,123476544,0,0,0
chunked,10,100000,1,2,167874488.000000,0,100000000,19999,0,0,0,20000,0,0,10000,10000,100000000,0,0,0
parallel_chunked,3,100000,1,2,1896367811.000000,1111155556,1111155556,66666,0,0,0,0,0,1111155556,33334,33334,1111155556,0,1,1111155556
parallel_chunked,3,100000,2,2,721578323.000000,1111155556,1111155556,66666,0,0,0,0,133336,1111155556,33334,33334,1111155556,0,2,555577778
parallel_chunked,3,100000,4,2,684251752.000000,1111155556,1111155556,66666,0,0,0,0,266672,1111155556,33334,33334,1111155556,0,4,277788889
parallel_chunked,3,100000,8,2,675062694.000000,1111155556,1111155556,66666,0,0,0,0,533344,1111155556,33334,33334,1111155556,0,8,138894444
parallel_chunked,4,100000,1,2,1067510909.000000,625000000,625000000,49999,0,0,0,0,0,625000000,25000,25000,625000000,0,1,625000000
parallel_chunked,4,100000,2,2,416821934.000000,625000000,625000000,49999,0,0,0,0,100000,625000000,25000,25000,625000000,0,2,312500000
parallel_chunked,4,100000,4,2,375427066.000000,625000000,625000000,49999,0,0,0,0,200000,625000000,25000,25000,625000000,0,4,156250000
parallel_chunked,4,100000,8,2,370522490.000000,625000000,625000000,49999,0,0,0,0,400000,625000000,25000,25000,625000000,0,8,78125000
parallel_chunked,5,100000,1,2,687578853.000000,400000000,400000000,39999,0,0,0,0,0,400000000,20000,20000,400000000,0,1,400000000
parallel_chunked,5,100000,2,2,257495992.000000,400000000,400000000,39999,0,0,0,0,80000,400000000,20000,20000,400000000,0,2,200000000
parallel_chunked,5,100000,4,2,235509881.000000,400000000,400000000,39999,0,0,0,0,160000,400000000,20000,20000,400000000,0,4,100000000
parallel_chunked,5,100000,8,2,241001227.000000,400000000,400000000,39999,0,0,0,0,320000,400000000,20000,20000,400000000,0,8,50000000
parallel_chunked,6,100000,1,2,473359470.000000,277788889,277788889,33333,0,0,0,0,0,277788889,16667,16667,277788889,0,1,277788889
parallel_chunked,6,100000,2,2,178748396.000000,277788889,277788889,33333,0,0,0,0,66668,277788889,16667,16667,277788889,0,2,138894444
parallel_chunked,6,100000,4,2,166165204.000000,277788889,277788889,33333,0,0,0,0,133336,277788889,16667,16667,277788889,0,4,69447222
parallel_chunked,6,100000,8,2,166134699.000000,277788889,277788889,33333,0,0,0,0,266672,277788889,16667,16667,277788889,0,8,34723611
parallel_chunked,7,100000,1,2,348567962.000000,204089796,204089796,28571,0,0,0,0,0,204089796,14286,14286,204089796,0,1,204089796
parallel_chunked,7,100000,2,2,129029114.000000,204089796,204089796,28571,0,0,0,0,57144,204089796,14286,14286,204089796,0,2,102044898
parallel_chunked,7,100000,4,2,118162316.000000,204089796,204089796,28571,0,0,0,0,114288,204089796,14286,14286,204089796,0,4,51022449
parallel_chunked,7,100000,8,2,125181775.000000,204089796,204089796,28571,0,0,0,0,228576,204089796,14286,14286,204089796,0,8,25511224
parallel_chunked,8,100000,1,2,262538266.000000,156250000,156250000,24999,0,0,0,0,0,156250000,12500,12500,156250000,0,1,156250000
parallel_chunked,8,100000,2,2,99087034.000000,156250000,156250000,24999,0,0,0,0,50000,156250000,12500,12500,156250000,0,2,78125000
parallel_chunked,8,100000,4,2,90538883.000000,156250000,156250000,24999,0,0,0,0,100000,156250000,12500,12500,156250000,0,4,39062500
parallel_chunked,8,100000,8,2,94371903.000000,156250000,156250000,24999,0,0,0,0,200000,156250000,12500,12500,156250000,0,8,19531250
parallel_chunked,9,100000,1,2,208781164.000000,123476544,123476544,22222,0,0,0,0,0,123476544,11112,11112,123476544,0,1,123476544
parallel_chunked,9,100000,2,2,77737235.000000,123476544,123476544,22222,0,0,0,0,44448,123476544,11112,11112,123476544,0,2,61738272
parallel_chunked,9,100000,4,2,71648833.000000,123476544,123476544,22222,0,0,0,0,88896,123476544,11112,11112,123476544,0,4,30869136
parallel_chunked,9,100000,8,2,77664539.000000,123476544,123476544,22222,0,0,0,0,177792,123476544,11112,11112,123476544,0,8,15434568
parallel_chunked,10,100000,1,2,169602497.000000,100000000,100000000,19999,0,0,0,0,0,100000000,10000,10000,100000000,0,1,100000000
parallel_chunked,10,100000,2,2,63917399.000000,100000000,100000000,19999,0,0,0,0,40000,100000000,10000,10000,100000000,0,2,50000000
parallel_chunked,10,100000,4,2,58240064.000000,100000000,100000000,19999,0,0,0,0,80000,100000000,10000,10000,100000000,0,4,25000000
parallel_chunked,10,100000,8,2,62137918.000000,100000000,100000000,19999,0,0,0,0,160000,100000000,10000,10000,100000000,0,8,12500000
boost_cpp_int,0,100000,1,2,64884749.000000,0,0,0,0,0,0,0,0,0,0,0,0,0,0,0
karatsuba,0,100000,1,3,1229347266.000000,427283003,504338587,17022762,34301511,265720,177147,0,0,0,0,0,0,11,0,0
chunked,3,100000,1,3,1921221131.000000,0,1111155556,66666,0,0,0,66668,0,0,33334,33334,1111155556,0,0,0
chunked,4,100000,1,3,1072860194.000000,0,625000000,49999,0,0,0,50000,0,0,25000,25000,625000000,0,0,0
chunked,5,100000,1,3,704575915.000000,0,400000000,39999,0,0,0,40000,0,0,20000,20000,400000000,0,0,0
chunked,6,100000,1,3,475046560.000000,0,277788889,33333,0,0,0,33334,0,0,16667,16667,277788889,0,0,0
chunked,7,100000,1,3,350087195.000000,0,204089796,28571,0,0,0,28572,0,0,14286,14286,204089796,0,0,0
chunked,8,100000,1,3,265381616.000000,0,156250000,24999,0,0,0,25000,0,0,12500,12500,156250000,0,0,0
chunked,9,100000,1,3,209303916.000000,0,123476544,22222,0,0,0,22224,0,0,11112,11112,123476544,0,0,0
chunked,10,100000,1,3,169974463.000000,0,100000000,19999,0,0,0,20000,0,0,10000,10000,100000000,0,0,0
parallel_chunked,3,100000,1,3,1905117216.000000,1111155556,1111155556,66666,0,0,0,0,0,1111155556,33334,33334,1111155556,0,1,1111155556
parallel_chunked,3,100000,2,3,727118261.000000,1111155556,1111155556,66666,0,0,0,0,133336,1111155556,33334,33334,1111155556,0,2,555577778
parallel_chunked,3,100000,4,3,668843180.000000,1111155556,1111155556,66666,0,0,0,0,266672,1111155556,33334,33334,1111155556,0,4,277788889
parallel_chunked,3,100000,8,3,673490620.000000,1111155556,1111155556,66666,0,0,0,0,533344,1111155556,33334,33334,1111155556,0,8,138894444
parallel_chunked,4,100000,1,3,1067202489.000000,625000000,625000000,49999,0,0,0,0,0,625000000,25000,25000,625000000,0,1,625000000
parallel_chunked,4,100000,2,3,405580388.000000,625000000,625000000,49999,0,0,0,0,100000,625000000,25000,25000,625000000,0,2,312500000
parallel_chunked,4,100000,4,3,366154477.000000,625000000,625000000,49999,0,0,0,0,200000,625000000,25000,25000,625000000,0,4,156250000
parallel_chunked,4,100000,8,3,371447381.000000,625000000,625000000,49999,0,0,0,0,400000,625000000,25000,25000,625000000,0,8,78125000
parallel_chunked,5,100000,1,3,684936393.000000,400000000,400000000,39999,0,0,0,0,0,400000000,20000,20000,400000000,0,1,400000000
parallel_chunked,5,100000,2,3,256930524.000000,400000000,400000000,39999,0,0,0,0,80000,400000000,20000,20000,400000000,0,2,200000000
parallel_chunked,5,100000,4,3,237897679.000000,400000000,400000000,39999,0,0,0,0,160000,400000000,20000,20000,400000000,0,4,100000000
parallel_chunked,5,100000,8,3,401543824.000000,400000000,400000000,39999,0,0,0,0,320000,400000000,20000,20000,400000000,0,8,50000000
parallel_chunked,6,100000,1,3,472526609.000000,277788889,277788889,33333,0,0,0,0,0,277788889,16667,16667,277788889,0,1,277788889
parallel_chunked,6,100000,2,3,191578044.000000,277788889,277788889,33333,0,0,0,0,66668,277788889,16667,16667,277788889,0,2,138894444
parallel_chunked,6,100000,4,3,161137265.000000,277788889,277788889,33333,0,0,0,0,133336,277788889,16667,16667,277788889,0,4,69447222
parallel_chunked,6,100000,8,3,166147918.000000,277788889,277788889,33333,0,0,0,0,266672,277788889,16667,16667,277788889,0,8,34723611
parallel_chunked,7,100000,1,3,351371297.000000,204089796,204089796,28571,0,0,0,0,0,204089796,14286,14286,204089796,0,1,204089796
parallel_chunked,7,100000,2,3,128851611.000000,204089796,204089796,28571,0,0,0,0,57144,204089796,14286,14286,204089796,0,2,102044898
parallel_chunked,7,100000,4,3,117763753.000000,204089796,204089796,28571,0,0,0,0,114288,204089796,14286,14286,204089796,0,4,51022449
parallel_chunked,7,100000,8,3,124576806.000000,204089796,204089796,28571,0,0,0,0,228576,204089796,14286,14286,204089796,0,8,25511224
parallel_chunked,8,100000,1,3,260903374.000000,156250000,156250000,24999,0,0,0,0,0,156250000,12500,12500,156250000,0,1,156250000
parallel_chunked,8,100000,2,3,99246478.000000,156250000,156250000,24999,0,0,0,0,50000,156250000,12500,12500,156250000,0,2,78125000
parallel_chunked,8,100000,4,3,97606590.000000,156250000,156250000,24999,0,0,0,0,100000,156250000,12500,12500,156250000,0,4,39062500
parallel_chunked,8,100000,8,3,92776603.000000,156250000,156250000,24999,0,0,0,0,200000,156250000,12500,12500,156250000,0,8,19531250
parallel_chunked,9,100000,1,3,206353326.000000,123476544,123476544,22222,0,0,0,0,0,123476544,11112,11112,123476544,0,1,123476544
parallel_chunked,9,100000,2,3,78362521.000000,123476544,123476544,22222,0,0,0,0,44448,123476544,11112,11112,123476544,0,2,61738272
parallel_chunked,9,100000,4,3,71615314.000000,123476544,123476544,22222,0,0,0,0,88896,123476544,11112,11112,123476544,0,4,30869136
parallel_chunked,9,100000,8,3,79773002.000000,123476544,123476544,22222,0,0,0,0,177792,123476544,11112,11112,123476544,0,8,15434568
parallel_chunked,10,100000,1,3,166763015.000000,100000000,100000000,19999,0,0,0,0,0,100000000,10000,10000,100000000,0,1,100000000
parallel_chunked,10,100000,2,3,63114594.000000,100000000,100000000,19999,0,0,0,0,40000,100000000,10000,10000,100000000,0,2,50000000
parallel_chunked,10,100000,4,3,58512651.000000,100000000,100000000,19999,0,0,0,0,80000,100000000,10000,10000,100000000,0,4,25000000
parallel_chunked,10,100000,8,3,59952023.000000,100000000,100000000,19999,0,0,0,0,160000,100000000,10000,10000,100000000,0,8,12500000
boost_cpp_int,0,100000,1,3,64576031.000000,0,0,0,0,0,0,0,0,0,0,0,0,0,0,0
karatsuba,0,100000,1,4,1208080894.000000,427257503,504312793,17022571,34301137,265720,177147,0,0,0,0,0,0,11,0,0
chunked,3,100000,1,4,1911311261.000000,0,1111155556,66666,0,0,0,66668,0,0,33334,33334,1111155556,0,0,0
chunked,4,100000,1,4,1078651243.000000,0,625000000,49999,0,0,0,50000,0,0,25000,25000,625000000,0,0,0
chunked,5,100000,1,4,682952254.000000,0,400000000,39999,0,0,0,40000,0,0,20000,20000,400000000,0,0,0
chunked,6,100000,1,4,471989001.000000,0,277788889,33333,0,0,0,33334,0,0,16667,16667,277788889,0,0,0
chunked,7,100000,1,4,348553773.000000,0,204089796,28571,0,0,0,28572,0,0,14286,14286,204089796,0,0,0
chunked,8,100000,1,4,267360842.000000,0,156250000,24999,0,0,0,25000,0,0,12500,12500,156250000,0,0,0
chunked,9,100000,1,4,211908091.000000,0,123476544,22222,0,0,0,22224,0,0,11112,11112,123476544,0,0,0
chunked,10,100000,1,4,170499051.000000,0,100000000,19999,0,0,0,20000,0,0,10000,10000,100000000,0,0,0
parallel_chunked,3,100000,1,4,1926551307.000000,1111155556,1111155556,66666,0,0,0,0,0,1111155556,33334,33334,1111155556,0,1,1111155556
parallel_chunked,3,100000,2,4,724771101.000000,1111155556,1111155556,66666,0,0,0,0,133336,1111155556,33334,33334,1111155556,0,2,555577778
parallel_chunked,3,100000,4,4,668818044.000000,1111155556,1111155556,66666,0,0,0,0,266672,1111155556,33334,33334,1111155556,0,4,277788889
parallel_chunked,3,100000,8,4,675026730.000000,1111155556,1111155556,66666,0,0,0,0,533344,1111155556,33334,33334,1111155556,0,8,138894444
parallel_chunked,4,100000,1,4,1070126507.000000,625000000,625000000,49999,0,0,0,0,0,625000000,25000,25000,625000000,0,1,625000000
parallel_chunked,4,100000,2,4,408020384.000000,625000000,625000000,49999,0,0,0,0,100000,625000000,25000,25000,625000000,0,2,312500000
parallel_chunked,4,100000,4,4,370959729.000000,625000000,625000000,49999,0,0,0,0,200000,625000000,25000,25000,625000000,0,4,156250000
parallel_chunked,4,100000,8,4,369959214.000000,625000000,625000000,49999,0,0,0,0,400000,625000000,25000,25000,625000000,0,8,78125000
parallel_chunked,5,100000,1,4,689365462.000000,400000000,400000000,39999,0,0,0,0,0,400000000,20000,20000,400000000,0,1,400000000
parallel_chunked,5,100000,2,4,257968161.000000,400000000,400000000,39999,0,0,0,0,80000,400000000,20000,20000,400000000,0,2,200000000
parallel_chunked,5,100000,4,4,237077683.000000,400000000,400000000,39999,0,0,0,0,160000,400000000,20000,20000,400000000,0,4,100000000
parallel_chunked,5,100000,8,4,233650979.000000,400000000,400000000,39999,0,0,0,0,320000,400000000,20000,20000,400000000,0,8,50000000
parallel_chunked,6,100000,1,4,471162445.000000,277788889,277788889,33333,0,0,0,0,0,277788889,16667,16667,277788889,0,1,277788889
parallel_chunked,6,100000,2,4,177282272.000000,277788889,277788889,33333,0,0,0,0,66668,277788889,16667,16667,277788889,0,2,138894444
parallel_chunked,6,100000,4,4,166652966.000000,277788889,277788889,33333,0,0,0,0,133336,277788889,16667,16667,277788889,0,4,69447222
parallel_chunked,6,100000,8,4,160981232.000000,277788889,277788889,33333,0,0,0,0,266672,277788889,16667,16667,277788889,0,8,34723611
parallel_chunked,7,100000,1,4,343727572.000000,204089796,204089796,28571,0,0,0,0,0,204089796,14286,14286,204089796,0,1,204089796
parallel_chunked,7,100000,2,4,129692615.000000,204089796,204089796,28571,0,0,0,0,57144,204089796,14286,14286,204089796,0,2,102044898
parallel_chunked,7,100000,4,4,117456257.000000,204089796,204089796,28571,0,0,0,0,114288,204089796,14286,14286,204089796,0,4,51022449
parallel_chunked,7,100000,8,4,121683351.000000,204089796,204089796,28571,0,0,0,0,228576,204089796,14286,14286,204089796,0,8,25511224
parallel_chunked,8,100000,1,4,261874793.000000,156250000,156250000,24999,0,0,0,0,0,156250000,12500,12500,156250000,0,1,156250000
parallel_chunked,8,100000,2,4,98841313.000000,156250000,156250000,24999,0,0,0,0,50000,156250000,12500,12500,156250000,0,2,78125000
parallel_chunked,8,100000,4,4,90261187.000000,156250000,156250000,24999,0,0,0,0,100000,156250000,12500,12500,156250000,0,4,39062500
parallel_chunked,8,100000,8,4,95217572.000000,156250000,156250000,24999,0,0,0,0,200000,156250000,12500,12500,156250000,0,8,19531250
parallel_chunked,9,100000,1,4,206175672.000000,123476544,123476544,22222,0,0,0,0,0,123476544,11112,11112,123476544,0,1,123476544
parallel_chunked,9,100000,2,4,78072839.000000,123476544,123476544,22222,0,0,0,0,44448,123476544,11112,11112,123476544,0,2,61738272
parallel_chunked,9,100000,4,4,71576535.000000,123476544,123476544,22222,0,0,0,0,88896,123476544,11112,11112,123476544,0,4,30869136
parallel_chunked,9,100000,8,4,77104752.000000,123476544,123476544,22222,0,0,0,0,177792,123476544,11112,11112,123476544,0,8,15434568
parallel_chunked,10,100000,1,4,168446991.000000,100000000,100000000,19999,0,0,0,0,0,100000000,10000,10000,100000000,0,1,100000000
parallel_chunked,10,100000,2,4,63216476.000000,100000000,100000000,19999,0,0,0,0,40000,100000000,10000,10000,100000000,0,2,50000000
parallel_chunked,10,100000,4,4,58451810.000000,100000000,100000000,19999,0,0,0,0,80000,100000000,10000,10000,100000000,0,4,25000000
parallel_chunked,10,100000,8,4,58704978.000000,100000000,100000000,19999,0,0,0,0,160000,100000000,10000,10000,100000000,0,8,12500000
boost_cpp_int,0,100000,1,4,63864200.000000,0,0,0,0,0,0,0,0,0,0,0,0,0,0,0
karatsuba,0,100000,1,5,1225539642.000000,427262939,504318232,17022329,34301551,265720,177147,0,0,0,0,0,0,11,0,0
chunked,3,100000,1,5,1910150447.000000,0,1111155556,66666,0,0,0,66668,0,0,33334,33334,1111155556,0,0,0
chunked,4,100000,1,5,1075460485.000000,0,625000000,49999,0,0,0,50000,0,0,25000,25000,625000000,0,0,0
chunked,5,100000,1,5,685221370.000000,0,400000000,39999,0,0,0,40000,0,0,20000,20000,400000000,0,0,0
chunked,6,100000,1,5,475181756.000000,0,277788889,33333,0,0,0,33334,0,0,16667,16667,277788889,0,0,0
chunked,7,100000,1,5,346735515.000000,0,204089796,28571,0,0,0,28572,0,0,14286,14286,204089796,0,0,0
chunked,8,100000,1,5,266377607.000000,0,156250000,24999,0,0,0,25000,0,0,12500,12500,156250000,0,0,0
chunked,9,100000,1,5,209096914.000000,0,123476544,22222,0,0,0,22224,0,0,11112,11112,123476544,0,0,0
chunked,10,100000,1,5,174728550.000000,0,100000000,19999,0,0,0,20000,0,0,10000,10000,100000000,0,0,0
parallel_chunked,3,100000,1,5,1894249660.000000,1111155556,1111155556,66666,0,0,0,0,0,1111155556,33334,33334,1111155556,0,1,1111155556
parallel_chunked,3,100000,2,5,727629213.000000,1111155556,1111155556,66666,0,0,0,0,133336,1111155556,33334,33334,1111155556,0,2,555577778
parallel_chunked,3,100000,4,5,659065562.000000,1111155556,1111155556,66666,0,0,0,0,266672,1111155556,33334,33334,1111155556,0,4,277788889
parallel_chunked,3,100000,8,5,672656592.000000,1111155556,1111155556,66666,0,0,0,0,533344,1111155556,33334,33334,1111155556,0,8,138894444
parallel_chunked,4,100000,1,5,1081183264.000000,625000000,625000000,49999,0,0,0,0,0,625000000,25000,25000,625000000,0,1,625000000
parallel_chunked,4,100000,2,5,407650505.000000,625000000,625000000,49999,0,0,0,0,100000,625000000,25000,25000,625000000,0,2,312500000
parallel_chunked,4,100000,4,5,363120343.000000,625000000,625000000,49999,0,0,0,0,200000,625000000,25000,25000,625000000,0,4,156250000
parallel_chunked,4,100000,8,5,379698132.000000,625000000,625000000,49999,0,0,0,0,400000,625000000,25000,25000,625000000,0,8,78125000
parallel_chunked,5,100000,1,5,684352989.000000,400000000,400000000,39999,0,0,0,0,0,400000000,20000,20000,400000000,0,1,400000000
parallel_chunked,5,100000,2,5,263368905.000000,400000000,400000000,39999,0,0,0,0,80000,400000000,20000,20000,400000000,0,2,200000000
parallel_chunked,5,100000,4,5,231265237.000000,400000000,400000000,39999,0,0,0,0,160000,400000000,20000,20000,400000000,0,4,100000000
parallel_chunked,5,100000,8,5,243708438.000000,400000000,400000000,39999,0,0,0,0,320000,400000000,20000,20000,400000000,0,8,50000000
parallel_chunked,6,100000,1,5,469460052.000000,277788889,277788889,33333,0,0,0,0,0,277788889,16667,16667,277788889,0,1,277788889
parallel_chunked,6,100000,2,5,177892953.000000,277788889,277788889,33333,0,0,0,0,66668,277788889,16667,16667,277788889,0,2,138894444
parallel_chunked,6,100000,4,5,166189908.000000,277788889,277788889,33333,0,0,0,0,133336,277788889,16667,16667,277788889,0,4,69447222
parallel_chunked,6,100000,8,5,163347973.000000,277788889,277788889,33333,0,0,0,0,266672,277788889,16667,16667,277788889,0,8,34723611
parallel_chunked,7,100000,1,5,342902255.000000,204089796,204089796,28571,0,0,0,0,0,204089796,14286,14286,204089796,0,1,204089796
parallel_chunked,7,100000,2,5,129531032.000000,204089796,204089796,28571,0,0,0,0,57144,204089796,14286,14286,204089796,0,2,102044898
parallel_chunked,7,100000,4,5,117599141.000000,204089796,204089796,28571,0,0,0,0,114288,204089796,14286,14286,204089796,0,4,51022449
parallel_chunked,7,100000,8,5,119930787.000000,204089796,204089796,28571,0,0,0,0,228576,204089796,14286,14286,204089796,0,8,25511224
parallel_chunked,8,100000,1,5,264128447.000000,156250000,156250000,24999,0,0,0,0,0,156250000,12500,12500,156250000,0,1,156250000
parallel_chunked,8,100000,2,5,97809463.000000,156250000,156250000,24999,0,0,0,0,50000,156250000,12500,12500,156250000,0,2,78125000
parallel_chunked,8,100000,4,5,90164076.000000,156250000,156250000,24999,0,0,0,0,100000,156250000,12500,12500,156250000,0,4,39062500
parallel_chunked,8,100000,8,5,92508650.000000,156250000,156250000,24999,0,0,0,0,200000,156250000,12500,12500,156250000,0,8,19531250
parallel_chunked,9,100000,1,5,211985803.000000,123476544,123476544,22222,0,0,0,0,0,123476544,11112,11112,123476544,0,1,123476544
parallel_chunked,9,100000,2,5,78631042.000000,123476544,123476544,22222,0,0,0,0,44448,123476544,11112,11112,123476544,0,2,61738272
parallel_chunked,9,100000,4,5,71598676.000000,123476544,123476544,22222,0,0,0,0,88896,123476544,11112,11112,123476544,0,4,30869136
parallel_chunked,9,100000,8,5,72621048.000000,123476544,123476544,22222,0,0,0,0,177792,123476544,11112,11112,123476544,0,8,15434568
parallel_chunked,10,100000,1,5,167441272.000000,100000000,100000000,19999,0,0,0,0,0,100000000,10000,10000,100000000,0,1,100000000
parallel_chunked,10,100000,2,5,63614457.000000,100000000,100000000,19999,0,0,0,0,40000,100000000,10000,10000,100000000,0,2,50000000
parallel_chunked,10,100000,4,5,58161480.000000,100000000,100000000,19999,0,0,0,0,80000,100000000,10000,10000,100000000,0,4,25000000
parallel_chunked,10,100000,8,5,60428317.000000,100000000,100000000,19999,0,0,0,0,160000,100000000,10000,10000,100000000,0,8,12500000
boost_cpp_int,0,100000,1,5,64281513.000000,0,0,0,0,0,0,0,0,0,0,0,0,0,0,0
